,id,power,make,model,year,VIN,color,mileage,fuel_consumtion,fuel_type
zero,1,102hp,Mazda,RX-7,1992.0,YV126MFB1F2923246,Teal,136138.0,10.6,diesel
one,2,102hp,Suzuki,SX4,2010.0,WDDGF4HB6ER786650,Pink,225791.0,8.4,diesel
2,3,102hp,Lexus,LS,2012.0,JTHBS1BL4D5306481,Orange,218712.0,4.5,diesel
3,4,102hp,Mitsubishi,Eclipse,2012.0,1G6AB5SX0E0055872,Khaki,384120.0,12.8,diesel
4,5,102hp,Mercedes-Benz,S-Class,1993.0,1G6KD57Y94U717312,Blue,146038.0,8.9,diesel
5,6,102hp,Nissan,Pathfinder,1999.0,YV1672MK3B2695542,Red,386829.0,,diesel
6,7,102hp,Mercedes-Benz,S-Class,1986.0,5UXFA53502L343368,Maroon,455017.0,4.0,diesel
7,8,102hp,Dodge,Caravan,1997.0,4T3BA3BB2CU070718,Goldenrod,124405.0,10.5,diesel
8,9,102hp,GMC,Vandura G2500,1995.0,4T3BA3BB0EU382488,Maroon,390917.0,13.2,diesel
9,10,102hp,Lamborghini,Countach,1988.0,JM1NC2EFXA0021686,Green,165024.0,10.2,diesel
10,11,102hp,Dodge,Neon,1997.0,1G6DL5E38C0022053,Goldenrod,462637.0,4.5,diesel
11,12,102hp,Dodge,Challenger,2008.0,WAUFGBFC5DN434374,Teal,134448.0,,diesel
12,13,102hp,Buick,Skyhawk,1984.0,WAUML64B14N367843,Yellow,183948.0,7.9,diesel
13,14,102hp,Saturn,Astra,2008.0,WAUUL58E25A733137,Pink,322826.0,9.5,diesel
14,15,102hp,Ford,E150,2011.0,WA1VGBFP9EA123101,Yellow,483432.0,14.9,diesel
15,16,102hp,Suzuki,Equator,2012.0,WBA3C1C50EK238313,Mauv,455372.0,5.6,diesel
16,17,102hp,Lexus,LX,1998.0,JTHBK1EG7C2896013,Maroon,441506.0,12.4,diesel
17,18,102hp,Subaru,Impreza,2005.0,WAU2GAFC5EN992980,Fuscia,370579.0,7.8,diesel
18,19,102hp,Hyundai,Tucson,2007.0,2HNYD18653H906709,Khaki,302268.0,,diesel
19,20,102hp,Volvo,S80,2002.0,WBAYA8C52DC895174,Red,201022.0,14.8,diesel
20,21,102hp,Isuzu,Trooper,1996.0,WAUMV44EX7N859929,Red,477197.0,6.3,diesel
21,22,102hp,Saturn,S-Series,1993.0,5NPEB4AC3EH737073,Teal,182087.0,8.6,diesel
22,23,102hp,Porsche,Boxster,1997.0,3C63DPBL8CG622550,Red,107726.0,5.3,diesel
23,24,102hp,Chevrolet,Corvette,1998.0,JTHDU1EF2E5709661,Green,485592.0,7.1,diesel
24,25,102hp,GMC,Suburban 1500,1995.0,4T1BD1FK0DU181574,Indigo,464486.0,7.5,diesel
25,26,102hp,Audi,Quattro,1985.0,SAJWA4GB0FL781228,Orange,479903.0,7.5,diesel
26,27,102hp,Mercedes-Benz,R-Class,2008.0,JHMGE8G3XBC907871,Maroon,295436.0,6.7,diesel
27,28,102hp,Mercedes-Benz,M-Class,1999.0,WAUEG74F56N564891,Khaki,265952.0,,diesel
28,29,102hp,Chevrolet,Prizm,1998.0,JH4NA21635S386098,Indigo,406476.0,,diesel
29,30,102hp,Dodge,Ram 3500,2001.0,WBAEV33465K406090,Pink,393084.0,11.1,diesel
30,31,102hp,Ford,Bronco II,1990.0,55SWF4JB9FU133350,Blue,101534.0,10.0,diesel
31,32,102hp,Buick,Park Avenue,1998.0,4T1BD1FK8EU104842,Fuscia,407962.0,14.7,diesel
32,33,102hp,Mitsubishi,Mirage,2002.0,SCBZK25E43C093998,Red,405038.0,,diesel
33,34,102hp,Toyota,Xtra,1995.0,WAUPL68EX4A249900,Goldenrod,118751.0,4.7,diesel
34,35,102hp,Saturn,Ion,2005.0,1G4PR5SKXF4084891,Green,374831.0,,diesel
35,36,102hp,Chevrolet,1500,1999.0,3VWAL7AJ3AM249688,Violet,444492.0,9.0,diesel
36,37,102hp,Chevrolet,Lumina APV,1992.0,WBAPH7C51BA870714,Maroon,348613.0,11.7,diesel
37,38,102hp,Cadillac,Eldorado,2000.0,WBAYA6C50FG810266,Yellow,223075.0,4.5,diesel
38,39,102hp,Pontiac,GTO,2005.0,SCBDR33W07C315174,Green,305852.0,14.5,diesel
39,40,102hp,Chevrolet,Corvette,1993.0,19UUB3F74FA707480,Pink,172668.0,11.9,diesel
40,41,102hp,Lincoln,Continental Mark VII,1985.0,1G6AB5RX3D0086490,Violet,474117.0,10.7,diesel
41,42,102hp,Honda,FCX Clarity,2012.0,1G6DS5ED1B0699293,Red,489202.0,9.3,diesel
42,43,102hp,Hyundai,Accent,2010.0,1FMCU0C74AK572262,Mauv,208930.0,7.6,diesel
43,44,102hp,Pontiac,Grand Am,1990.0,WAUBF48H27K125280,Red,238867.0,,diesel
44,45,102hp,Ford,F350,1999.0,SCFFDCCD9BG005238,Pink,158851.0,,diesel
45,46,102hp,Mazda,RX-7,1988.0,1FTEW1CM9CK411301,Goldenrod,272321.0,11.5,diesel
46,47,102hp,Saab,9000,1997.0,WBANE73567C874950,Purple,199191.0,15.0,diesel
47,48,102hp,Suzuki,Sidekick,1995.0,19XFA1E80AE584520,Turquoise,341040.0,8.4,diesel
48,49,102hp,Lexus,SC,1994.0,SAJWA4DB0DL720690,Turquoise,477537.0,,diesel
49,50,102hp,Mitsubishi,Outlander,2004.0,WAUMFBFL0DN780343,Orange,107814.0,13.2,diesel
50,51,102hp,Mazda,Mazda6,2006.0,4JGBF2FBXAA102215,Crimson,379411.0,7.7,diesel
51,52,102hp,Land Rover,Discovery,2004.0,1C6RD7NT1CS217497,Indigo,250808.0,6.0,diesel
52,53,102hp,Pontiac,Grand Am,1998.0,WAUBH74FX6N913544,Purple,376360.0,9.5,diesel
53,54,102hp,Mazda,Mazda6,2011.0,KNAFT4A28C5677942,Fuscia,415236.0,,diesel
54,55,102hp,Buick,Century,1985.0,SCBZB25E82C672197,Mauv,178699.0,14.3,diesel
55,56,102hp,Acura,NSX,1994.0,WBANA73575B172540,Orange,270902.0,,diesel
56,57,102hp,Volvo,V40,2003.0,3D73Y3CL4AG023152,Goldenrod,411460.0,10.0,diesel
57,58,102hp,Chevrolet,Tahoe,2003.0,19UUB2F5XFA274062,Maroon,209780.0,9.7,diesel
58,59,102hp,Acura,MDX,2010.0,4T3BK3BB7FU081540,Aquamarine,157874.0,12.5,diesel
59,60,102hp,Chevrolet,Tahoe,2001.0,WBAET37414N503680,Blue,481532.0,,diesel
60,61,102hp,Oldsmobile,LSS,1997.0,SALVP1BG2CH923306,Red,100893.0,13.1,diesel
61,62,102hp,Mercury,Cougar,1987.0,2C3CA3CV4AH536714,Red,144850.0,,diesel
62,63,102hp,Honda,Element,2009.0,WBANE73567B182158,Blue,235133.0,,diesel
63,64,102hp,Land Rover,Range Rover,2001.0,WAUDH78E38A205818,Fuscia,139896.0,12.2,diesel
64,65,102hp,Buick,Riviera,1996.0,WAUR2AFD9DN499999,Teal,147495.0,,diesel
65,66,102hp,Lamborghini,Diablo,1994.0,JTHDU5EF5C5023716,Turquoise,425337.0,,diesel
66,67,102hp,Ford,Thunderbird,1993.0,1FTMF1CW9AK642595,Fuscia,462261.0,12.4,diesel
67,68,102hp,Honda,Civic Si,2005.0,1FTNF2B53AE245949,Mauv,239404.0,,diesel
68,69,102hp,Nissan,350Z,2003.0,WVGAV7AXXCW607532,Indigo,167943.0,11.5,diesel
69,70,102hp,Ford,Explorer Sport Trac,2008.0,YV4952CZ9E1974539,Orange,282150.0,6.3,diesel
70,71,102hp,Honda,Passport,1997.0,WBAEJ13421A612278,Mauv,115819.0,7.4,diesel
71,72,102hp,Chevrolet,G-Series G20,1992.0,5LMJJ3J52CE471533,Green,170987.0,7.2,diesel
72,73,102hp,Chevrolet,Sportvan G30,1992.0,VNKJTUD34FA724601,Crimson,338489.0,11.4,diesel
73,74,102hp,Dodge,Dakota Club,1996.0,WAUUFAFH0AN992872,Violet,293384.0,9.4,diesel
74,75,102hp,Chevrolet,Tracker,2002.0,JA32X2HU0CU879650,Goldenrod,118998.0,13.3,diesel
75,76,102hp,Infiniti,G35,2006.0,3GYFNJE66BS623448,Orange,382005.0,14.5,diesel
76,77,102hp,Toyota,Yaris,2010.0,5N1AR1NB3CC389550,Yellow,250338.0,4.0,diesel
77,78,102hp,Pontiac,Grand Am,1988.0,1GYFK43878R604787,Red,350690.0,10.9,diesel
78,79,102hp,Lotus,Esprit,1998.0,JN8AE2KP9E9804381,Puce,420339.0,,diesel
79,80,102hp,Volvo,S40,2005.0,WAUEF78E88A971313,Turquoise,159004.0,,diesel
80,81,102hp,Dodge,Stealth,1992.0,WBAYM1C57DD429944,Teal,398544.0,12.1,diesel
81,82,102hp,Ford,Explorer,2005.0,19UUA8F5XCA613307,Mauv,385162.0,10.8,diesel
82,83,102hp,Mercury,Cougar,1995.0,1FMEU6EE3AU709414,Purple,161768.0,8.7,diesel
83,84,102hp,Volkswagen,GTI,2004.0,5FNRL5H23FB741786,Fuscia,231714.0,,diesel
84,85,102hp,Ford,Taurus,1990.0,WBA3B3C59FJ221435,Red,497183.0,7.0,diesel
85,86,102hp,Bentley,Continental GTC,2012.0,1ZVBP8JZXE5519287,Yellow,176667.0,,diesel
86,87,102hp,Dodge,Ram Van 3500,1995.0,TRUDD38JX81116306,Aquamarine,184879.0,5.3,diesel
87,88,102hp,Jeep,Cherokee,2000.0,1C6RD6FKXCS540348,Turquoise,158282.0,11.2,diesel
88,89,102hp,Buick,Skyhawk,1988.0,1G6AL5SX0E0377151,Mauv,248423.0,14.6,diesel
89,90,102hp,Chevrolet,Silverado 1500,2007.0,3D7TT2CT0AG576194,Teal,317728.0,7.5,diesel
90,91,102hp,Ford,Mustang,1980.0,WAULT68E82A258414,Puce,185098.0,7.5,diesel
91,92,102hp,Mercury,Grand Marquis,1992.0,1GYEC63T42R562823,Purple,246714.0,10.6,diesel
92,93,102hp,Mitsubishi,GTO,1996.0,5TDBCRFHXFS424843,Aquamarine,460735.0,14.9,diesel
93,94,102hp,Volkswagen,Scirocco,1984.0,1G6YX36D065715868,Blue,425204.0,6.7,diesel
94,95,102hp,Honda,Accord,1997.0,JTEBU4BF5DK067818,Teal,410377.0,8.4,diesel
95,96,102hp,GMC,Safari,1995.0,JHMZF1C44BS103082,Maroon,334176.0,6.7,diesel
96,97,102hp,Toyota,T100,1994.0,5N1CR2MM9EC302030,Maroon,448034.0,11.1,diesel
97,98,102hp,Chevrolet,Corsica,1996.0,WBALZ5C57CC022276,Orange,230957.0,5.1,diesel
98,99,102hp,Dodge,Stratus,2004.0,KNAFX6A84F5136346,Aquamarine,274746.0,14.5,diesel
99,100,102hp,Chevrolet,Silverado 2500,2004.0,4T1BK1EB0EU006931,Indigo,148358.0,13.6,diesel
100,101,102hp,Eagle,Talon,1997.0,KNAFK4A61F5275027,Blue,234706.0,7.0,diesel
101,102,102hp,Honda,Passport,1996.0,3D73Y3HL7AG694548,Green,355867.0,6.2,diesel
102,103,102hp,Porsche,Cayenne,2013.0,1N6AD0CW5EN924403,Fuscia,477287.0,,diesel
103,104,102hp,BMW,530,2001.0,KL4CJFSB1DB983898,Maroon,499282.0,4.3,diesel
104,105,102hp,Geo,Prizm,1997.0,KNAFZ6A36F5010679,Yellow,325154.0,11.5,diesel
105,106,102hp,Pontiac,Firebird Trans Am,1986.0,JTHBF5C27D5937999,Violet,140946.0,10.7,diesel
106,107,102hp,Chevrolet,Suburban,2010.0,3VWF17AT6FM151890,Violet,151199.0,9.9,diesel
107,108,102hp,BMW,X6,2013.0,1G6KD57Y37U219286,Orange,497385.0,13.4,diesel
108,109,102hp,Dodge,Durango,1999.0,1N6AA0EC4EN695188,Turquoise,257133.0,,diesel
109,110,102hp,Jeep,Grand Cherokee,1997.0,3VW4T7AT8EM362752,Fuscia,348923.0,10.6,diesel
110,111,102hp,Mitsubishi,Lancer,2012.0,1N6AA0CC2AN379642,Fuscia,288075.0,,diesel
111,112,102hp,Nissan,Pathfinder,2007.0,JN1CV6EK5AM818560,Crimson,308051.0,,diesel
112,113,102hp,GMC,Suburban 2500,1999.0,5UXFE43589L032215,Turquoise,344577.0,4.0,diesel
113,114,102hp,Ford,Explorer,1994.0,WBA5B1C57FD943708,Crimson,455813.0,,diesel
114,115,102hp,Mercedes-Benz,S-Class,1984.0,WAUFFAFL4BA390918,Teal,413542.0,,diesel
115,116,102hp,Chevrolet,Express 1500,2001.0,2T1KE4EE9AC386818,Red,401622.0,10.4,diesel
116,117,102hp,Chevrolet,Express 2500,2011.0,WAUJC68EX5A888026,Violet,297883.0,6.9,diesel
117,118,102hp,Toyota,Prius,2012.0,1FT7W2A61EE571273,Orange,172601.0,14.9,diesel
118,119,102hp,Kia,Optima,2004.0,WAUPN94E78N167784,Puce,383718.0,,diesel
119,120,102hp,Audi,100,1992.0,WBADT33472G311859,Aquamarine,481294.0,11.4,diesel
120,121,102hp,Pontiac,Montana,2004.0,1C3CCBCG0EN073568,Pink,210511.0,,diesel
121,122,102hp,Cadillac,Eldorado,1995.0,WBAEU33462P879070,Maroon,386303.0,9.2,diesel
122,123,102hp,Hyundai,Scoupe,1995.0,WAUEL94F96N998030,Khaki,282306.0,13.3,diesel
123,124,102hp,Chevrolet,Express,2007.0,WAUEH98E67A628200,Maroon,474509.0,10.6,diesel
124,125,102hp,Alfa Romeo,164,1992.0,1FMCU4K34BK622522,Green,291762.0,,diesel
125,126,102hp,Audi,A5,2011.0,4T3BA3BB1EU676028,Khaki,249062.0,8.8,diesel
126,127,102hp,Volvo,V90,1997.0,3C63DRHLXCG938048,Teal,102822.0,5.1,diesel
127,128,102hp,BMW,M5,2001.0,2C3CCASG4FH735139,Aquamarine,485277.0,9.5,diesel
128,129,102hp,Toyota,Corolla,2009.0,WA1VMAFE1FD370050,Pink,348776.0,12.8,diesel
129,130,102hp,BMW,3 Series,2010.0,SCFFDAAM7DG375985,Fuscia,185377.0,5.5,diesel
130,131,102hp,Subaru,Alcyone SVX,1993.0,3VW4T7AT0EM592866,Violet,254201.0,13.3,diesel
131,132,102hp,Cadillac,Escalade,2005.0,WAUVT68E45A767719,Puce,465205.0,7.2,diesel
132,133,102hp,Mercury,Villager,1998.0,2FMDK3AKXEB825264,Maroon,242142.0,,diesel
133,134,102hp,Dodge,Ram 3500,1999.0,5TDBK3EH1DS683378,Green,148135.0,7.3,diesel
134,135,102hp,Infiniti,G,2010.0,3D7TP2CT7AG433098,Red,392914.0,12.0,diesel
135,136,102hp,Toyota,Xtra,1993.0,1G4PP5SK5C4908944,Fuscia,449576.0,11.6,diesel
136,137,102hp,Honda,Accord,1990.0,YV1672MK0C2233117,Blue,137148.0,4.6,diesel
137,138,102hp,Mercedes-Benz,W126,1983.0,2B3CJ5DT5AH793516,Khaki,453370.0,9.2,diesel
138,139,102hp,Infiniti,QX56,2007.0,JH4CU2F6XAC518432,Turquoise,443495.0,9.0,diesel
139,140,102hp,Mercedes-Benz,SL-Class,1993.0,WAUDF98E16A703742,Indigo,292284.0,14.9,diesel
140,141,102hp,Pontiac,Sunbird,1990.0,1FTMF1CW6AF606081,Indigo,184410.0,6.4,diesel
141,142,102hp,Chevrolet,Corvette,1964.0,SAJWA2GZ1E8086372,Aquamarine,143286.0,,diesel
142,143,102hp,Pontiac,Grand Prix,1968.0,JTHBP5C21D5006749,Crimson,467343.0,9.0,diesel
143,144,102hp,GMC,Jimmy,2000.0,WAUAF78E46A324838,Turquoise,384295.0,,diesel
144,145,102hp,Kia,Spectra,2002.0,1G6AB5RXXF0848586,Mauv,313470.0,,diesel
145,146,102hp,Mitsubishi,3000GT,1993.0,1FTSW3B59AE656037,Khaki,122923.0,8.5,diesel
146,147,102hp,Dodge,D150,1993.0,WBAAZ33414K540443,Turquoise,242546.0,6.5,diesel
147,148,102hp,Mercedes-Benz,W201,1992.0,1GD21ZCG3CZ121040,Puce,235651.0,9.9,diesel
148,149,102hp,Mercedes-Benz,CL-Class,2006.0,2C4RDGCG0FR561519,Turquoise,327136.0,5.2,diesel
149,150,102hp,Chevrolet,Corvette,1956.0,WVWAA7AJ5CW957341,Yellow,411956.0,,diesel
150,151,102hp,Mazda,MX-5,2005.0,WAUFMAFC4EN994536,Mauv,486188.0,,diesel
151,152,102hp,Toyota,Sienna,2003.0,1FTSW3A57AE650531,Green,326052.0,,diesel
152,153,102hp,Dodge,Journey,2012.0,WUAUUAFGXCN349564,Maroon,231954.0,12.2,diesel
153,154,102hp,Mitsubishi,Galant,2005.0,WVWAA7AH5BV076043,Teal,222300.0,11.1,diesel
154,155,102hp,Isuzu,Hombre,1999.0,1FAHP2D87DG905557,Green,384260.0,4.7,diesel
155,156,102hp,Mercedes-Benz,S-Class,2001.0,1G6ET12981B216508,Violet,168136.0,14.2,diesel
156,157,102hp,Buick,Lucerne,2007.0,YV126MFD8F1444670,Teal,259790.0,10.2,diesel
157,158,102hp,Jensen,Interceptor,1966.0,2T1BURHE7EC461176,Maroon,436556.0,12.3,diesel
158,159,102hp,Chevrolet,Corvette,1994.0,19UUB3F71FA839855,Crimson,355119.0,13.2,diesel
159,160,102hp,Mercedes-Benz,300CE,1993.0,2G4GR5GX0F9216560,Puce,450888.0,8.0,diesel
160,161,102hp,Maybach,57,2010.0,WAUA2AFD8EN273466,Goldenrod,326724.0,10.5,diesel
161,162,102hp,Isuzu,Stylus,1992.0,WBAYA6C57DD322995,Indigo,360746.0,5.3,diesel
162,163,102hp,GMC,Yukon Denali,2000.0,WBA3T7C50F5220428,Turquoise,485233.0,6.6,diesel
163,164,102hp,Ford,F250,1995.0,3VW1K7AJ4DM703020,Red,221985.0,11.3,diesel
164,165,102hp,Lincoln,Mark VIII,1996.0,1C3CDFAA2ED839373,Mauv,159892.0,9.8,diesel
165,166,102hp,Pontiac,LeMans,1967.0,WBA3B3G59DN326251,Turquoise,403164.0,14.8,diesel
166,167,102hp,Oldsmobile,Silhouette,1997.0,3C63D3EL6CG862765,Green,436172.0,4.4,diesel
167,168,102hp,Ford,Taurus,2006.0,1B3CC1FB8AN753896,Puce,477411.0,13.0,diesel
168,169,102hp,BMW,M3,2009.0,1GYFK66868R019383,Puce,222459.0,9.2,diesel
169,170,102hp,Chevrolet,Blazer,1997.0,1G6DT57V390643935,Turquoise,217985.0,,diesel
170,171,102hp,Hyundai,Accent,2008.0,YV140MAM1F1728806,Maroon,485631.0,11.5,diesel
171,172,102hp,BMW,3 Series,1998.0,JTEBU5JR2E5040853,Turquoise,360541.0,5.7,diesel
172,173,102hp,Toyota,Prius,2006.0,4T1BF1FK8EU890703,Mauv,295749.0,12.2,diesel
173,174,102hp,GMC,Savana 1500,1999.0,JA4AD3A39FZ557104,Pink,497363.0,6.2,diesel
174,175,102hp,Chrysler,Town & Country,1996.0,WBA3A5G55EN116276,Crimson,185772.0,11.8,diesel
175,176,102hp,Dodge,Nitro,2011.0,KL4CJHSBXFB099022,Blue,112317.0,8.3,diesel
176,177,102hp,Jeep,Cherokee,2001.0,1GKS1FFJ7BR974134,Puce,163488.0,6.5,diesel
177,178,102hp,Chevrolet,S10,1996.0,JN8AS5MT0CW814994,Indigo,447774.0,8.6,diesel
178,179,102hp,Dodge,Ram 2500,2000.0,1G6DP57V380494073,Green,309493.0,10.1,diesel
179,180,102hp,Dodge,Avenger,2012.0,1GYEE23A290255599,Turquoise,420278.0,7.9,diesel
180,181,102hp,Nissan,Xterra,2008.0,19UUA66284A478713,Purple,366123.0,11.0,diesel
181,182,102hp,Nissan,Sentra,2011.0,1GYFK53289R269137,Purple,404800.0,,diesel
182,183,102hp,Plymouth,Sundance,1992.0,JN1AZ4EH4FM773445,Crimson,288185.0,,diesel
183,184,102hp,Bentley,Azure,2010.0,WAULD54BX2N894277,Teal,156535.0,,diesel
184,185,102hp,Ford,E150,2004.0,1G6AD5S35E0258294,Crimson,497646.0,5.3,diesel
185,186,102hp,Porsche,Cayenne,2009.0,5NPEB4AC6EH571986,Indigo,237885.0,12.3,diesel
186,187,102hp,Jaguar,XJ Series,1993.0,WA1CM94L89D895845,Green,161658.0,4.6,diesel
187,188,102hp,Jaguar,X-Type,2007.0,3D7JV1EPXAG229984,Khaki,463946.0,8.7,diesel
188,189,102hp,Cadillac,DTS,2010.0,3D73Y4HL9BG867073,Khaki,241271.0,7.6,diesel
189,190,102hp,Chevrolet,Cobalt,2008.0,3VW1K7AJ4DM473124,Green,446240.0,,diesel
190,191,102hp,Buick,Riviera,1997.0,JTMHY7AJ0F4374914,Mauv,440328.0,9.5,diesel
191,192,102hp,Mazda,Millenia,1996.0,WBAEU334X5P482014,Maroon,182677.0,14.0,diesel
192,193,102hp,Mercedes-Benz,SLK-Class,1997.0,2C3CCABG7EH981455,Aquamarine,427638.0,9.2,diesel
193,194,102hp,Volkswagen,Passat,1994.0,WBSPM9C54BE851876,Mauv,413888.0,4.7,diesel
194,195,102hp,Chevrolet,3500,1995.0,WAULT64B94N037122,Maroon,125801.0,,diesel
195,196,102hp,Toyota,Matrix,2010.0,19UUA9F59CA334677,Maroon,257253.0,4.1,diesel
196,197,102hp,Land Rover,Discovery,2012.0,NM0KS6BN8AT801786,Puce,112388.0,5.2,diesel
197,198,102hp,Chevrolet,Blazer,2001.0,5N1AN0NW9DN968492,Khaki,297227.0,4.9,diesel
198,199,102hp,GMC,Terrain,2012.0,3VW4A7AT7CM115015,Aquamarine,369692.0,12.9,diesel
199,200,102hp,Kia,Sephia,2000.0,1G6AA5RA4F0159724,Purple,117474.0,13.2,diesel
200,201,102hp,Chevrolet,Suburban 1500,2001.0,WAUPL68EX5A490342,Red,255884.0,9.2,diesel
201,202,102hp,Nissan,Pathfinder,2012.0,1FT7W2A60EE107990,Teal,218469.0,6.7,diesel
202,203,102hp,Honda,Accord,2010.0,1G6YX36D385015734,Khaki,182923.0,4.2,diesel
203,204,102hp,Ford,Mustang,1990.0,WBA5A5C55FD084452,Yellow,451099.0,,diesel
204,205,102hp,Saab,900,1989.0,1FTWX3A5XAE170577,Khaki,411522.0,4.2,diesel
205,206,102hp,Kia,Sephia,1999.0,3D73M4HL0BG140660,Khaki,406035.0,5.9,diesel
206,207,102hp,Volkswagen,Touareg,2004.0,5J8TB18258A799218,Maroon,222906.0,,diesel
207,208,102hp,Plymouth,Laser,1990.0,WAULT58E02A246011,Mauv,481738.0,7.0,diesel
208,209,102hp,Ford,Escape,2000.0,KNDPB3A23B7575245,Blue,395662.0,8.0,diesel
209,210,102hp,Volvo,S80,2012.0,2G4WB55KX31379170,Crimson,314056.0,11.5,diesel
210,211,102hp,Lamborghini,Gallardo,2012.0,2G4WS55J931611135,Indigo,227368.0,4.2,diesel
211,212,102hp,Cadillac,Eldorado,2000.0,1G6AM5S3XE0910035,Maroon,341270.0,,diesel
212,213,102hp,Lexus,CT,2011.0,WP0AB2A93FS602055,Mauv,203709.0,5.7,diesel
213,214,102hp,Ford,F150,2010.0,1FTMF1E82AK733562,Indigo,225720.0,5.3,diesel
214,215,102hp,Chevrolet,Express 2500,1999.0,1GTG5AEA6F1434790,Green,295879.0,9.7,diesel
215,216,102hp,Mazda,Navajo,1992.0,JN1CV6AP7CM866548,Aquamarine,474291.0,14.6,diesel
216,217,102hp,Chevrolet,S10 Blazer,1993.0,WAUDT74F05N503079,Puce,371322.0,,diesel
217,218,102hp,GMC,Yukon XL 2500,2000.0,1FTEW1C83AF176435,Blue,123928.0,6.6,diesel
218,219,102hp,Mazda,Mazda6,2006.0,1GTC5LF90C8577932,Turquoise,357860.0,,diesel
219,220,102hp,Buick,Rainier,2007.0,1G6DP57V980984131,Orange,463238.0,6.8,diesel
220,221,102hp,Nissan,Murano,2005.0,5FNRL5H2XBB816378,Indigo,365681.0,14.7,diesel
221,222,102hp,Toyota,Land Cruiser,2010.0,WBXPC9C41AW211718,Indigo,307975.0,11.9,diesel
222,223,102hp,Volvo,XC70,2003.0,4T1BF3EK1BU003127,Yellow,472276.0,10.9,diesel
223,224,102hp,Toyota,Tacoma Xtra,2004.0,WBAEA53568C178820,Blue,476901.0,8.8,diesel
224,225,102hp,Lincoln,Mark VIII,1998.0,WBAEV53454K091311,Pink,415341.0,,diesel
225,226,102hp,Lincoln,Continental,2001.0,1FMCU9C70AK160067,Aquamarine,418537.0,12.7,diesel
226,227,102hp,Chevrolet,Colorado,2011.0,JTEBU5JR5A5037875,Orange,232847.0,9.1,diesel
227,228,102hp,Pontiac,1000,1985.0,1G4GA5EC5BF210276,Green,168725.0,,diesel
228,229,102hp,Chevrolet,G-Series 3500,1998.0,3GYFNCEY5BS058767,Green,310094.0,8.8,diesel
229,230,102hp,MINI,Clubman,2010.0,JH4NA12623T418670,Orange,439507.0,13.3,diesel
230,231,102hp,Toyota,Camry,2004.0,WBAEH13597C305899,Violet,485289.0,9.8,diesel
231,232,102hp,Mazda,RX-7,1983.0,WA1AY74L97D148087,Fuscia,242671.0,10.2,diesel
232,233,102hp,Ferrari,458 Italia,2012.0,YV1672MKXC2694924,Yellow,169159.0,4.4,diesel
233,234,102hp,Kia,Rio,2004.0,WAULK98K09A453377,Blue,429012.0,4.1,diesel
234,235,102hp,Toyota,Camry,1999.0,2C3CCARG4FH226500,Fuscia,353354.0,11.2,diesel
235,236,102hp,Mercedes-Benz,E-Class,1990.0,1GD11ZCG3CF413669,Khaki,334702.0,14.8,diesel
236,237,102hp,Volkswagen,Routan,2012.0,1N6AA0CC3CN026491,Aquamarine,262954.0,10.1,diesel
237,238,102hp,Buick,Enclave,2010.0,WAUFEBFM0CA049647,Green,246583.0,,diesel
238,239,102hp,Buick,Rendezvous,2006.0,2C3CCAGG1EH504173,Blue,146371.0,12.8,diesel
239,240,102hp,Infiniti,QX,2012.0,SALFP2BN2AH128178,Crimson,249887.0,9.8,diesel
240,241,102hp,Honda,S2000,2002.0,1GD01ZCG9DF096686,Turquoise,314254.0,6.8,diesel
241,242,102hp,Ford,Laser,1984.0,SCBCP73W99C825096,Aquamarine,424629.0,7.7,diesel
242,243,102hp,Pontiac,Bonneville,1996.0,1GD01ZCG5EF187987,Teal,345061.0,13.7,diesel
243,244,102hp,Chevrolet,Vega,1971.0,WA1LKAFP1AA085339,Indigo,227136.0,,diesel
244,245,102hp,Porsche,911,2012.0,WBABN53471J153618,Fuscia,103697.0,11.8,diesel
245,246,102hp,Audi,90,1991.0,JTEBC3EH8D2834278,Maroon,239331.0,,diesel
246,247,102hp,Eagle,Summit,1993.0,WAUAFAFL2AA806764,Fuscia,339502.0,14.1,diesel
247,248,102hp,Dodge,Stratus,2006.0,WAUJT64BX4N582432,Green,188263.0,,diesel
248,249,102hp,Dodge,Nitro,2007.0,4F2CY0C78BK834054,Maroon,129286.0,12.2,diesel
249,250,102hp,Volvo,C70,2002.0,WAUEH94F58N567110,Yellow,374828.0,,diesel
250,251,102hp,Chevrolet,Express,2006.0,KMHDB8AE8BU785802,Blue,162303.0,,diesel
251,252,102hp,Infiniti,M,2009.0,3C3CFFBRXDT528555,Maroon,296281.0,10.3,diesel
252,253,102hp,Dodge,Grand Caravan,2009.0,WA1CGBFE3BD339574,Teal,328616.0,11.5,diesel
253,254,102hp,Alfa Romeo,164,1995.0,WAUKFAFL4EA566823,Violet,461444.0,8.0,diesel
254,255,102hp,Suzuki,SJ 410,1986.0,5N1AA0ND2EN552540,Crimson,490862.0,13.5,diesel
255,256,102hp,Dodge,Avenger,1995.0,WAUVC58E12A460269,Maroon,318955.0,8.4,diesel
256,257,102hp,Chevrolet,Avalanche,2009.0,WA1C8AFP8EA920681,Maroon,238160.0,14.1,diesel
257,258,102hp,Studebaker,Avanti,1964.0,1G6AE5SX6D0894429,Pink,143554.0,12.0,diesel
258,259,102hp,Mitsubishi,Raider,2008.0,JN8AF5MR1DT011526,Pink,325343.0,7.7,diesel
259,260,102hp,Volkswagen,Cabriolet,1985.0,3FAHP0KC4AR548869,Goldenrod,146825.0,13.2,diesel
260,261,102hp,Mitsubishi,Galant,2004.0,5FPYK1F26BB803676,Indigo,278461.0,8.5,diesel
261,262,102hp,GMC,Acadia,2010.0,JN1CV6APXDM206036,Green,256250.0,6.8,diesel
262,263,102hp,Audi,S6,2011.0,3C3CFFDR1ET314777,Aquamarine,223346.0,9.7,diesel
263,264,102hp,Chevrolet,Avalanche 2500,2004.0,WBAUN1C56DV584796,Green,469063.0,8.7,diesel
264,265,102hp,Subaru,Impreza,1996.0,WAULV94EX8N197747,Khaki,297390.0,8.9,diesel
265,266,102hp,Mitsubishi,Galant,1986.0,1GD12ZCG0CF069036,Orange,402492.0,11.0,diesel
266,267,102hp,Geo,Prizm,1997.0,3N1AB6AP3CL402196,Indigo,400718.0,11.7,diesel
267,268,102hp,Plymouth,Prowler,1999.0,1G4PP5SK1C4231987,Fuscia,175036.0,4.3,diesel
268,269,102hp,Oldsmobile,Silhouette,2000.0,JTHFE2C28F2489733,Aquamarine,348647.0,11.1,diesel
269,270,102hp,GMC,Savana 3500,2011.0,KM8NU4CC7CU906632,Fuscia,176896.0,12.3,diesel
270,271,102hp,Mercedes-Benz,W126,1983.0,SCBFU7ZA2FC498604,Mauv,201011.0,13.2,diesel
271,272,102hp,Mercury,Grand Marquis,2002.0,WBA5M0C52ED959477,Purple,485432.0,,diesel
272,273,102hp,Chevrolet,Aveo,2008.0,WAUPEAFM1AA487959,Teal,431415.0,13.6,diesel
273,274,102hp,Jeep,Liberty,2010.0,WVWED7AJXCW182625,Maroon,318221.0,,diesel
274,275,102hp,Lexus,SC,1998.0,WAULV94E29N650051,Goldenrod,203559.0,11.6,diesel
275,276,102hp,Land Rover,Discovery,2006.0,WDBWK5EA6BF921527,Goldenrod,144900.0,7.0,diesel
276,277,102hp,Lincoln,Town Car,2004.0,4T1BD1FK0EU636778,Maroon,236576.0,6.6,diesel
277,278,102hp,Mazda,B-Series,2008.0,WAUDG74F96N760764,Crimson,133925.0,10.5,diesel
278,279,102hp,Buick,Rainier,2007.0,WAULH54B81N862706,Puce,104016.0,10.7,diesel
279,280,102hp,Mitsubishi,Pajero,1997.0,WBABN53413P866787,Maroon,437410.0,6.1,diesel
280,281,102hp,Saab,9000,1992.0,5N1BA0ND3FN766099,Crimson,117347.0,14.1,diesel
281,282,102hp,Chevrolet,Express 2500,2010.0,2G4WY55J821829435,Maroon,226721.0,10.2,diesel
282,283,102hp,Chevrolet,Venture,1999.0,WAUJC58E35A413134,Khaki,215824.0,10.2,diesel
283,284,102hp,Toyota,Cressida,1992.0,WAUGL78E68A759012,Turquoise,119481.0,8.9,diesel
284,285,102hp,Acura,RL,2003.0,1G6KD57Y19U672115,Green,451048.0,7.6,diesel
285,286,102hp,Kia,Sportage,2007.0,1N4AA5AP4DC311385,Turquoise,215075.0,8.6,diesel
286,287,102hp,Rolls-Royce,Phantom,2005.0,WAUDG74F89N094677,Goldenrod,230317.0,4.7,diesel
287,288,102hp,Honda,CR-V,2002.0,JN1AV7AR8FM305567,Blue,293228.0,9.8,diesel
288,289,102hp,Mazda,Miata MX-5,2007.0,SCBDC47L87C739774,Yellow,361746.0,11.3,diesel
289,290,102hp,Ford,Expedition EL,2008.0,WBAUU3C55AA307073,Purple,316039.0,,diesel
290,291,102hp,Buick,Verano,2012.0,SALVP2BG9FH701470,Blue,214933.0,12.6,diesel
291,292,102hp,Dodge,Ram Van B150,1994.0,1G6AC5SXXE0087273,Purple,396402.0,12.0,diesel
292,293,102hp,Pontiac,LeMans,1968.0,2G4WB52K321418538,Teal,175603.0,7.9,diesel
293,294,102hp,Nissan,Sentra,2000.0,WAUCFAFH2CN722119,Indigo,341951.0,14.7,diesel
294,295,102hp,Geo,Storm,1992.0,1YVHZ8BA4A5372601,Violet,465863.0,9.9,diesel
295,296,102hp,Honda,CR-V,2004.0,KNDJN2A27F7169479,Green,367474.0,10.2,diesel
296,297,102hp,Subaru,Outback,2000.0,WAUEH98E86A515248,Aquamarine,406519.0,6.1,diesel
297,298,102hp,Volvo,V50,2008.0,JTHBP5C26A5101903,Mauv,324543.0,7.5,diesel
298,299,102hp,Ford,F350,2010.0,WAUDF58E65A494506,Purple,457008.0,4.1,diesel
299,300,102hp,Mazda,Miata MX-5,2006.0,WBA6B4C55FD631358,Mauv,156321.0,6.0,diesel
300,301,102hp,Ford,Explorer Sport Trac,2009.0,1G6D05EG8A0753803,Indigo,121997.0,7.2,diesel
301,302,102hp,Cadillac,Escalade EXT,2007.0,1G4CW54K214642441,Khaki,339320.0,6.3,diesel
302,303,102hp,Chevrolet,Avalanche 2500,2002.0,WBSDX9C55CE248088,Purple,233776.0,11.9,diesel
303,304,102hp,Nissan,Versa,2012.0,WAUCFAFR8EA757573,Blue,371944.0,,diesel
304,305,102hp,Ford,Mustang,1997.0,JTEBU5JR0C5831587,Khaki,373132.0,,diesel
305,306,102hp,Chevrolet,Traverse,2012.0,5N1AT2ML2EC255925,Indigo,410745.0,,diesel
306,307,102hp,Ford,Expedition EL,2011.0,WBABS33442J563792,Crimson,108164.0,,diesel
307,308,102hp,Subaru,Outback,2012.0,3D4PH6FV8AT880515,Goldenrod,474597.0,8.9,diesel
308,309,102hp,Land Rover,Discovery Series II,2000.0,2HKRM3H50FH146293,Fuscia,252898.0,9.7,diesel
309,310,102hp,Oldsmobile,Ciera,1992.0,WAUGFAFC8FN277444,Khaki,420062.0,,diesel
310,311,102hp,Audi,A5,2011.0,1G6DG5EY5B0218787,Fuscia,354925.0,8.5,diesel
311,312,102hp,Infiniti,G,2004.0,1C4RJEAGXFC850576,Fuscia,286383.0,,diesel
312,313,102hp,Mazda,626,1984.0,WA1BV94L97D219975,Goldenrod,204515.0,9.8,diesel
313,314,102hp,Chevrolet,Corvette,2005.0,WBSPM93599E024983,Purple,335890.0,8.9,diesel
314,315,102hp,Suzuki,Samurai,1992.0,2G4GT5GV2C9849072,Indigo,159862.0,,diesel
315,316,102hp,Dodge,Ram 3500,2000.0,WAUBFAFL7BN867848,Orange,411853.0,4.9,diesel
316,317,102hp,Cadillac,Escalade EXT,2003.0,SALSF2D40AA367758,Indigo,188460.0,4.6,diesel
317,318,102hp,Mazda,Protege,2001.0,5FRYD4H4XGB149080,Red,189072.0,8.9,diesel
318,319,102hp,Infiniti,QX,2003.0,SCFAD01A98G398409,Blue,254164.0,,diesel
319,320,102hp,Volkswagen,Jetta,1985.0,5TDBM5G13AS172076,Maroon,210012.0,9.5,diesel
320,321,102hp,Dodge,Avenger,2010.0,WP0AB2A83CU677393,Violet,333242.0,8.3,diesel
321,322,102hp,Dodge,Ram 1500,2000.0,SCFBF03B47G479661,Crimson,194301.0,7.0,diesel
322,323,102hp,Cadillac,Seville,1998.0,1G6AZ5S3XF0092812,Indigo,351059.0,6.5,diesel
323,324,102hp,Audi,Quattro,1993.0,WAUDT94F25N378744,Pink,398816.0,4.7,diesel
324,325,102hp,Chevrolet,Malibu,2011.0,1C4RDHEG3DC241586,Teal,343239.0,12.6,diesel
325,326,102hp,Lincoln,MKS,2010.0,JH4DC53005S587554,Yellow,201329.0,7.5,diesel
326,327,102hp,Chevrolet,Malibu,2008.0,YV126MFC9F2722929,Puce,306694.0,14.3,diesel
327,328,102hp,Cadillac,Catera,1999.0,5N1AN0NU2AC391214,Violet,109386.0,11.4,diesel
328,329,102hp,Buick,Park Avenue,1995.0,1FTWX3D57AE754379,Khaki,313569.0,9.8,diesel
329,330,102hp,Hummer,H2 SUT,2006.0,5J8TB4H36GL786345,Puce,384071.0,11.3,diesel
330,331,102hp,Hyundai,Sonata,2004.0,WAUKF78E67A983672,Mauv,343844.0,12.8,diesel
331,332,102hp,Ford,F350,1994.0,3GTU2YEJ2CG868013,Turquoise,173591.0,8.6,diesel
332,333,102hp,Volkswagen,Rabbit,2008.0,1G6DC8EYXB0117922,Yellow,375062.0,,diesel
333,334,102hp,Volkswagen,Jetta,2007.0,1G6KF54904U600161,Fuscia,143700.0,7.1,diesel
334,335,102hp,Oldsmobile,Ciera,1992.0,WAUR2AFD7EN607649,Goldenrod,454625.0,9.8,diesel
335,336,102hp,Audi,A8,2003.0,KMHTC6AD0EU411063,Pink,379895.0,12.9,diesel
336,337,102hp,Pontiac,Grand Am,1989.0,3N1BC1CP3CK499939,Violet,405092.0,12.4,diesel
337,338,102hp,Mazda,MX-6,1993.0,1FTEW1C88AF074757,Puce,273568.0,4.5,diesel
338,339,102hp,Pontiac,Parisienne,1984.0,19UYA426X2A771234,Fuscia,395286.0,9.6,diesel
339,340,102hp,Ford,F-Series,2002.0,SALVN2BG1FH208937,Indigo,325085.0,,diesel
340,341,102hp,Mercedes-Benz,G-Class,2004.0,5TDBK3EHXDS921860,Pink,460038.0,11.9,diesel
341,342,102hp,Dodge,Ram Van 3500,1996.0,WAUDG78E06A995059,Mauv,190945.0,13.8,diesel
342,343,102hp,Mitsubishi,Expo,1992.0,TRUTX28N411243073,Turquoise,484068.0,10.6,diesel
343,344,102hp,Cadillac,Seville,2003.0,SAJWA2GT5EM317941,Pink,423018.0,10.4,diesel
344,345,102hp,Isuzu,Amigo,1999.0,1FTWX3B54AE549203,Aquamarine,423613.0,11.0,diesel
345,346,102hp,Ford,Mustang,2003.0,WBAAZ33403P031722,Pink,157956.0,,diesel
346,347,102hp,Mazda,626,1987.0,1FTEW1CM3EK236952,Violet,423237.0,13.3,diesel
347,348,102hp,Mazda,Mazda5,2006.0,WVGAV7AX0CW267808,Crimson,442608.0,11.5,diesel
348,349,102hp,Mazda,MX-5,2002.0,YV1902FH3B2942948,Maroon,253828.0,5.2,diesel
349,350,102hp,Lincoln,Town Car,2000.0,W04GN5EC4B1566900,Goldenrod,192090.0,,diesel
350,351,102hp,Ford,Fusion,2013.0,WA1CGAFE4ED075554,Indigo,287682.0,,diesel
351,352,102hp,Mitsubishi,Outlander,2008.0,5FRYD3H62FB640933,Orange,173177.0,8.5,diesel
352,353,102hp,Mitsubishi,Montero,2006.0,5N1AL0MM2FC642506,Blue,210003.0,,diesel
353,354,102hp,Mercedes-Benz,C-Class,2000.0,SAJWA4EC0CM855457,Maroon,199594.0,12.2,diesel
354,355,102hp,Cadillac,Brougham,1992.0,3VW507AT1FM663295,Teal,107205.0,7.7,diesel
355,356,102hp,Mitsubishi,Outlander,2009.0,WBANV93599C671713,Mauv,116667.0,12.3,diesel
356,357,102hp,Kia,Sedona,2012.0,1N4AL3AP7EC558822,Violet,130094.0,12.0,diesel
357,358,102hp,Land Rover,Range Rover Classic,1993.0,JHMZE2H3XES170556,Red,187934.0,11.1,diesel
358,359,102hp,Acura,Vigor,1994.0,WBANV1C59AB735986,Teal,446463.0,12.8,diesel
359,360,102hp,Dodge,Colt,1993.0,WBAEN33402E851340,Goldenrod,169289.0,12.2,diesel
360,361,102hp,Mazda,RX-7,1991.0,WBANN73526C982321,Green,492503.0,12.7,diesel
361,362,102hp,Mercedes-Benz,E-Class,2006.0,JTDZN3EU3EJ832231,Mauv,296593.0,8.1,diesel
362,363,102hp,Dodge,Grand Caravan,2001.0,5GADX33L36D260206,Violet,173560.0,12.0,diesel
363,364,102hp,Lexus,ES,2005.0,WAULD64B92N322042,Aquamarine,309406.0,5.4,diesel
364,365,102hp,Nissan,NV3500,2012.0,JH4DC44641S933824,Indigo,234412.0,12.5,diesel
365,366,102hp,Mercury,Sable,1994.0,WVWED7AJ4BW737776,Fuscia,212092.0,7.1,diesel
366,367,102hp,Bentley,Continental Flying Spur,2010.0,WAU4GBFB5AN301639,Maroon,267164.0,14.4,diesel
367,368,102hp,Chrysler,Voyager,2000.0,3N1CN7AP2FL576061,Crimson,274358.0,8.5,diesel
368,369,102hp,Mitsubishi,Truck,1995.0,WAUKG78E96A980826,Violet,443556.0,9.1,diesel
369,370,102hp,Lexus,LS,2007.0,JM3TB2CA7D0453746,Indigo,139704.0,13.0,diesel
370,371,102hp,Mazda,MX-3,1994.0,WAUPEAFM5CA834616,Teal,305510.0,4.7,diesel
371,372,102hp,Audi,A5,2012.0,WAUET48H85K728334,Purple,347267.0,9.0,diesel
372,373,102hp,Chevrolet,1500,1997.0,5UXZV4C55BL547403,Khaki,439921.0,6.8,diesel
373,374,102hp,Ford,Thunderbird,1980.0,1G4CW54KX44838731,Yellow,352341.0,6.8,diesel
374,375,102hp,Toyota,Camry Solara,2008.0,WA1LMAFE4CD283052,Purple,107208.0,4.4,diesel
375,376,102hp,Pontiac,G6,2006.0,1GYFK33239R974612,Khaki,184015.0,7.0,diesel
376,377,102hp,Buick,Roadmaster,1994.0,SCFEBBCF7CG485570,Indigo,483054.0,6.4,diesel
377,378,102hp,Audi,S4,2013.0,3VWJP7AT8CM320571,Crimson,498086.0,14.9,diesel
378,379,102hp,Ford,F350,1994.0,WAUVC58E25A947677,Puce,266182.0,8.6,diesel
379,380,102hp,Cadillac,DeVille,1997.0,3D4PH9FG8BT672591,Teal,461835.0,8.7,diesel
380,381,102hp,Dodge,Journey,2010.0,1FBNE3BLXCD693318,Maroon,180242.0,,diesel
381,382,102hp,Mazda,MX-3,1994.0,JTDBT4K34B1580736,Khaki,322238.0,10.6,diesel
382,383,102hp,Toyota,RAV4,2010.0,1G6DD67V190784733,Teal,335228.0,10.6,diesel
383,384,102hp,BMW,X3,2011.0,5N1AR1NB9BC370158,Purple,169413.0,,diesel
384,385,102hp,Chevrolet,Suburban 1500,1992.0,19XFA1E34AE923543,Crimson,198406.0,12.9,diesel
385,386,102hp,Mercury,Cougar,1984.0,SCFFBCBD5BG101438,Green,137525.0,6.5,diesel
386,387,102hp,Land Rover,Discovery Series II,2002.0,WBXPA73435W479511,Aquamarine,434702.0,5.0,diesel
387,388,102hp,Studebaker,Avanti,1964.0,JTJBC1BA0B2122681,Red,330113.0,6.6,diesel
388,389,102hp,Chevrolet,Vega,1971.0,WBAKC8C59AC228033,Aquamarine,184478.0,,diesel
389,390,102hp,Land Rover,Range Rover,1991.0,5FRYD3H83EB617709,Yellow,164777.0,,diesel
390,391,102hp,Subaru,Legacy,1997.0,3VW1K7AJ2DM008728,Crimson,272883.0,14.8,diesel
391,392,102hp,Chevrolet,Suburban 1500,2001.0,1VWAS7A32FC938487,Aquamarine,262864.0,4.8,diesel
392,393,102hp,Lincoln,Blackwood,2002.0,2G4WB52K711296698,Green,479649.0,11.2,diesel
393,394,102hp,Toyota,Celica,2003.0,1G6DC8E55C0706481,Purple,332374.0,5.1,diesel
394,395,102hp,Nissan,Quest,1993.0,5N1AR1NBXCC048064,Teal,351783.0,6.5,diesel
395,396,102hp,Oldsmobile,98,1993.0,1HGCP2F37CA794601,Aquamarine,402911.0,13.1,diesel
396,397,102hp,Ford,Windstar,2003.0,1GYS3HEF2ER342462,Mauv,282414.0,11.4,diesel
397,398,102hp,Lincoln,Navigator L,2007.0,19XFB4F30EE984214,Violet,386144.0,,diesel
398,399,102hp,Aston Martin,Rapide,2010.0,JN1CV6FE6AM930289,Mauv,159571.0,7.1,diesel
399,400,102hp,Lamborghini,Diablo,2001.0,JH4CL95997C636679,Aquamarine,396249.0,,diesel
400,401,102hp,BMW,3 Series,2012.0,1G4HE57Y16U287164,Fuscia,234797.0,7.7,diesel
401,402,102hp,Dodge,Ram 2500,1994.0,1GTN1TEX1DZ823614,Yellow,420404.0,8.9,diesel
402,403,102hp,BMW,5 Series,1994.0,5UXFG43599L338009,Khaki,117323.0,13.0,diesel
403,404,102hp,Ford,Taurus,1989.0,WA1LGAFE2DD400670,Khaki,248185.0,5.0,diesel
404,405,102hp,Suzuki,Esteem,1996.0,JN8AE2KP2F9206117,Crimson,169744.0,4.0,diesel
405,406,102hp,Mercury,Sable,1996.0,WBSVA93568E468143,Teal,220298.0,13.8,diesel
406,407,102hp,Chevrolet,Suburban,2009.0,1FTEX1CM9BK045965,Red,220717.0,12.0,diesel
407,408,102hp,Suzuki,XL-7,2008.0,WA1WGAFP7EA991628,Teal,291914.0,6.2,diesel
408,409,102hp,Suzuki,Sidekick,1993.0,1GYS4BEF9CR148146,Pink,436299.0,11.9,diesel
409,410,102hp,Toyota,RAV4,2011.0,WAUA2AFD7EN753997,Khaki,378758.0,,diesel
410,411,102hp,Acura,RDX,2011.0,WA1CFAFP0DA628754,Fuscia,485437.0,4.6,diesel
411,412,102hp,Kia,Spectra5,2006.0,2G4GN5EX0E9060954,Maroon,489061.0,8.1,diesel
412,413,102hp,Mercedes-Benz,CL-Class,2001.0,5NPDH4AE8BH716551,Mauv,269294.0,9.4,diesel
413,414,102hp,Jeep,Cherokee,1999.0,1G4GF5E34DF178411,Goldenrod,367860.0,,diesel
414,415,102hp,Saab,900,1991.0,1FTNX2A51AE866010,Blue,471650.0,,diesel
415,416,102hp,Chevrolet,Silverado 1500,2006.0,WBAEK13456C461848,Goldenrod,391992.0,14.3,diesel
416,417,102hp,GMC,1500 Club Coupe,1995.0,WAUHGBFC7CN621123,Puce,105770.0,14.8,diesel
417,418,102hp,Lincoln,Town Car,1986.0,KNDPB3A28B7327315,Violet,126179.0,9.2,diesel
418,419,102hp,Plymouth,Sundance,1994.0,WAUFFAFL6EA793741,Khaki,138120.0,6.3,diesel
419,420,102hp,Mercedes-Benz,600SEL,1992.0,WDDUG7JB0EA395553,Khaki,189923.0,,diesel
420,421,102hp,Maybach,57,2004.0,WA1LFAFPXCA922290,Puce,437388.0,8.8,diesel
421,422,102hp,Mercedes-Benz,E-Class,2002.0,1G6KD57Y97U229286,Puce,244892.0,9.5,diesel
422,423,102hp,Ford,Explorer,2002.0,5N1AA0NEXFN166216,Blue,408116.0,7.6,diesel
423,424,102hp,Cadillac,Seville,1992.0,1D4RE2GG7BC208470,Green,363780.0,11.1,diesel
424,425,102hp,Mercedes-Benz,CL-Class,2004.0,KMHFC4DF9BA859233,Puce,276700.0,10.4,diesel
425,426,102hp,Mazda,Mazda6,2012.0,WVGAV3AX8EW136931,Khaki,336432.0,4.0,diesel
426,427,102hp,Toyota,Camry Hybrid,2012.0,WAUKF78E86A640263,Crimson,237658.0,5.7,diesel
427,428,102hp,Buick,Rainier,2007.0,WBADN53403G208483,Goldenrod,320074.0,5.0,diesel
428,429,102hp,Dodge,Ram 2500,2004.0,5J8TB3H57DL391145,Fuscia,275271.0,6.8,diesel
429,430,102hp,Mitsubishi,Galant,1991.0,3N6CM0KN3DK250872,Crimson,204324.0,5.9,diesel
430,431,102hp,Hummer,H2 SUT,2006.0,1D7CE5GK5AS931348,Khaki,231133.0,9.7,diesel
431,432,102hp,Toyota,Celica,1978.0,YV1672MK0B2827477,Teal,174903.0,,diesel
432,433,102hp,Mazda,Protege,1994.0,1FTSW2B57AE096562,Fuscia,225050.0,11.0,diesel
433,434,102hp,Ford,Econoline E150,1999.0,1GYEC63T92R874104,Yellow,208324.0,8.0,diesel
434,435,102hp,Mazda,Navajo,1991.0,1N4AL2AP1CN062877,Indigo,477943.0,8.0,diesel
435,436,102hp,Suzuki,SX4,2010.0,WAUVT58E45A287996,Goldenrod,148723.0,,diesel
436,437,102hp,GMC,Savana 3500,2001.0,JTDJTUD33ED768188,Red,122435.0,7.8,diesel
437,438,102hp,Kia,Optima,2008.0,WVWAP7AN2EE721305,Orange,397982.0,9.4,diesel
438,439,102hp,Mitsubishi,Montero Sport,2002.0,WUARL48HX4K931439,Goldenrod,206661.0,8.9,diesel
439,440,102hp,Lexus,RX Hybrid,2010.0,KMHDB8AEXAU131642,Teal,272690.0,13.6,diesel
440,441,102hp,Chevrolet,Equinox,2008.0,5NPEB4AC4BH278244,Green,226318.0,14.7,diesel
441,442,102hp,Toyota,Tacoma Xtra,1995.0,WAUBH74F66N058552,Goldenrod,251887.0,5.3,diesel
442,443,102hp,Pontiac,Daewoo Kalos,2005.0,1FTEX1C8XAK644164,Teal,426881.0,11.2,diesel
443,444,102hp,Dodge,Ram 2500,2004.0,3N1CE2CP1FL341487,Indigo,143180.0,,diesel
444,445,102hp,Mercedes-Benz,S-Class,1984.0,WUADU78E58N233131,Turquoise,399919.0,7.9,diesel
445,446,102hp,Chevrolet,Aveo,2009.0,WAUVC68E94A655674,Violet,175635.0,10.4,diesel
446,447,102hp,Mitsubishi,RVR,1992.0,WAUAF98E87A113719,Red,184555.0,5.6,diesel
447,448,102hp,Ford,Crown Victoria,2008.0,1B3CB3HA9AD713268,Crimson,143439.0,14.8,diesel
448,449,102hp,BMW,3 Series,2006.0,WDDEJ9EB0EA749793,Red,403136.0,5.2,diesel
449,450,102hp,Mercury,Capri,1986.0,1FT7W2A66EE460119,Maroon,116849.0,12.2,diesel
450,451,102hp,Dodge,D350 Club,1993.0,1G4GD5EG9AF797462,Turquoise,390567.0,4.7,diesel
451,452,102hp,Ford,Ranger,1986.0,WAUUL78E56A032105,Maroon,305470.0,12.5,diesel
452,453,102hp,Kia,Amanti,2008.0,2C3CDXBG2DH050473,Maroon,340284.0,8.1,diesel
453,454,102hp,Chrysler,Fifth Ave,1992.0,WBA3G7C55FK093651,Red,291685.0,4.4,diesel
454,455,102hp,Isuzu,Rodeo,1997.0,3GTU2YEJ6BG375899,Purple,203308.0,9.7,diesel
455,456,102hp,Mitsubishi,Montero,2002.0,WAULT68E42A013948,Turquoise,287973.0,14.8,diesel
456,457,102hp,Chevrolet,3500,1995.0,KNAFU6A20B5445987,Mauv,381244.0,14.6,diesel
457,458,102hp,Toyota,Matrix,2012.0,WAUEFAFL1EA770735,Orange,204342.0,12.9,diesel
458,459,102hp,Volkswagen,Golf,1990.0,4A4AP3AU3FE286949,Khaki,489840.0,8.8,diesel
459,460,102hp,Ford,Probe,1991.0,WA1CFAFP9DA150222,Crimson,277845.0,11.1,diesel
460,461,102hp,Pontiac,Sunfire,1998.0,WBAEH13416C786771,Maroon,328552.0,6.4,diesel
461,462,102hp,Suzuki,SJ,1992.0,JTDKDTB32C1997796,Crimson,338543.0,11.3,diesel
462,463,102hp,Nissan,Versa,2007.0,1GYEC63N35R826989,Mauv,499736.0,11.8,diesel
463,464,102hp,Lexus,ES,1991.0,JTDKN3DU8B0521043,Yellow,233036.0,,diesel
464,465,102hp,Chevrolet,Corvette,1964.0,WAURFAFR7CA386252,Aquamarine,408115.0,4.8,diesel
465,466,102hp,Chevrolet,Corvette,2003.0,JH4DC54813S130625,Aquamarine,389154.0,,diesel
466,467,102hp,Ferrari,612 Scaglietti,2006.0,SALFR2BG3FH627512,Teal,132962.0,5.7,diesel
467,468,102hp,Mitsubishi,Montero Sport,2004.0,SAJWA2GZ0E8434548,Khaki,483915.0,12.6,diesel
468,469,102hp,Dodge,D150 Club,1992.0,5TDBM5G10BS193260,Green,472011.0,10.2,diesel
469,470,102hp,Audi,S8,2007.0,JH4CU4F41AC835705,Violet,444326.0,4.5,diesel
470,471,102hp,Chevrolet,3500,1994.0,WAUEFBFL3EA211340,Yellow,180337.0,,diesel
471,472,102hp,Lincoln,LS,2004.0,3N1AB6AP7AL339908,Indigo,384144.0,10.7,diesel
472,473,102hp,Mitsubishi,Eclipse,2003.0,1G4GC5G36FF030995,Goldenrod,129943.0,,diesel
473,474,102hp,Mercedes-Benz,M-Class,2003.0,2LMDJ6JC2AB621234,Puce,106773.0,14.7,diesel
474,475,102hp,Land Rover,Range Rover Sport,2007.0,JHMGE8G39CC267492,Pink,266584.0,10.3,diesel
475,476,102hp,Ford,LTD Crown Victoria,1991.0,5GAKVCKD1EJ268800,Aquamarine,453748.0,4.9,diesel
476,477,102hp,Chevrolet,Silverado,2001.0,2C4JRGAG2DR750462,Indigo,204111.0,8.1,diesel
477,478,102hp,Lamborghini,Gallardo,2004.0,JH4DC53894S916630,Crimson,279586.0,5.1,diesel
478,479,102hp,Chevrolet,Traverse,2010.0,3N1AB6AP6BL405902,Puce,376273.0,4.1,diesel
479,480,102hp,Isuzu,Space,1992.0,1N6AA0CA8EN037472,Orange,162613.0,13.0,diesel
480,481,102hp,GMC,Sierra 2500,2012.0,3C4PDDBG8ET558970,Fuscia,144179.0,12.9,diesel
481,482,102hp,Chevrolet,Avalanche 1500,2004.0,1G6AB1RX6F0586171,Fuscia,329883.0,13.4,diesel
482,483,102hp,Lexus,GS,1998.0,WAUAH68D11A939366,Goldenrod,398949.0,6.1,diesel
483,484,102hp,Chevrolet,Corsica,1993.0,1GTN1UEH2FZ517314,Orange,461613.0,,diesel
484,485,102hp,Ford,Mustang,2001.0,SCBZK25E63C464174,Orange,423585.0,9.2,diesel
485,486,102hp,BMW,7 Series,2002.0,JTJBM7FX6B5638587,Yellow,206244.0,6.5,diesel
486,487,102hp,Cadillac,Escalade,2012.0,1C4RDHDG1DC620667,Yellow,141365.0,7.7,diesel
487,488,102hp,BMW,3 Series,2002.0,1C4SDJCT5DC090548,Pink,314138.0,,diesel
488,489,102hp,Dodge,Stratus,1998.0,2HNYD18602H518995,Fuscia,300127.0,12.2,diesel
489,490,102hp,Chrysler,Concorde,1996.0,WAUZL54BX1N180855,Goldenrod,175988.0,6.6,diesel
490,491,102hp,Cadillac,CTS,2006.0,1GT3C0BG8AF286774,Green,415416.0,5.8,diesel
491,492,102hp,Volkswagen,New Beetle,2012.0,4JGDF2EEXEA631917,Puce,270385.0,,diesel
492,493,102hp,Audi,100,1990.0,JN1CV6FEXAM863311,Teal,396829.0,12.4,diesel
493,494,102hp,Buick,Century,2003.0,5J8TB4H56EL018170,Purple,101372.0,,diesel
494,495,102hp,GMC,Jimmy,1994.0,WBAEV53442K001479,Violet,177309.0,,diesel
495,496,102hp,Dodge,Spirit,1994.0,5NPET4AC5AH937587,Violet,352114.0,6.7,diesel
496,497,102hp,Buick,Century,1995.0,WBAEA53539C465811,Mauv,333635.0,12.1,diesel
497,498,102hp,Ford,F250,2005.0,WBAGL83535D124935,Indigo,202992.0,,diesel
498,499,102hp,Lincoln,MKS,2009.0,3C6TD4MT2CG944628,Purple,265652.0,11.0,diesel
499,500,102hp,BMW,X6,2010.0,1G6DW67V980792992,Pink,255535.0,4.0,diesel
500,501,102hp,Toyota,Camry,1997.0,WAUKG58E15A833032,Fuscia,208706.0,,diesel
501,502,102hp,Jaguar,XJ,2011.0,KMHCM3AC3BU083457,Blue,178704.0,13.2,diesel
502,503,102hp,Mitsubishi,Mirage,1988.0,WUARL48H66K884221,Turquoise,373517.0,11.8,diesel
503,504,102hp,Toyota,Avalon,2012.0,1GYFC33299R151549,Maroon,131839.0,,diesel
504,505,102hp,Mercury,Milan,2008.0,WAUGGAFC4DN102764,Fuscia,159065.0,6.0,diesel
505,506,102hp,Mercedes-Benz,M-Class,2008.0,1B3CB2HA9AD484939,Violet,336796.0,,diesel
506,507,102hp,Saab,9-5,2005.0,3GYFNKE65BS382679,Red,467833.0,,diesel
507,508,102hp,Ford,F350,2006.0,JTHBE1BL9FA150603,Goldenrod,338083.0,8.1,diesel
508,509,102hp,Chevrolet,G-Series G10,1992.0,JN8AZ2ND5F9589203,Khaki,463191.0,6.3,diesel
509,510,102hp,Chevrolet,Tahoe,2011.0,KNAGM4A72B5728265,Indigo,437342.0,10.0,diesel
510,511,102hp,Ford,Edge,2007.0,WBANU5C54AC160152,Turquoise,480241.0,5.0,diesel
511,512,102hp,Toyota,Corolla,2006.0,WBABN33442J548376,Mauv,121124.0,7.7,diesel
512,513,102hp,GMC,Sierra 3500,2001.0,WAUHFAFL5BA889526,Green,344309.0,4.6,diesel
513,514,102hp,Chevrolet,Aveo,2011.0,JM1CW2BL0C0237249,Violet,247965.0,14.0,diesel
514,515,102hp,Acura,CL,2002.0,1GYUKAEF2AR170740,Orange,362262.0,9.7,diesel
515,516,102hp,Mercury,Topaz,1987.0,1FTMF1C87AK204899,Blue,426635.0,14.7,diesel
516,517,102hp,Dodge,Caravan,1992.0,2T2BC1BA1FC982921,Mauv,240608.0,6.7,diesel
517,518,102hp,Nissan,GT-R,2011.0,5NPDH4AE2FH483434,Puce,360010.0,10.8,diesel
518,519,102hp,Mitsubishi,GTO,1993.0,WA1YD54B03N684436,Blue,291124.0,9.9,diesel
519,520,102hp,Toyota,Sienna,1999.0,5FPYK1F29AB579883,Fuscia,454749.0,,diesel
520,521,102hp,Saab,9-3,2008.0,3FADP4AJ4DM350557,Khaki,330191.0,8.1,diesel
521,522,102hp,Mazda,MX-5,1996.0,WBANV93508C580540,Fuscia,116049.0,11.5,diesel
522,523,102hp,Lotus,Exige,2012.0,WBAPK7G53BN590121,Indigo,475312.0,9.1,diesel
523,524,102hp,Volkswagen,Golf,1990.0,5J8TB2H24AA157486,Aquamarine,215747.0,4.6,diesel
524,525,102hp,Mercury,Milan,2009.0,WAUMF98K69A519570,Blue,429728.0,12.8,diesel
525,526,102hp,Audi,A6,2010.0,WBAXG5C5XCD921330,Orange,271933.0,,diesel
526,527,102hp,Porsche,Boxster,2005.0,1N6AA0CC0AN337289,Fuscia,495363.0,11.6,diesel
527,528,102hp,Pontiac,LeMans,1964.0,WAUKH94F26N596726,Khaki,195807.0,,diesel
528,529,102hp,Honda,CR-X,1984.0,JTHBB1BA0C2888092,Violet,388385.0,,diesel
529,530,102hp,Mercedes-Benz,CL-Class,2008.0,WBSBR93402P997277,Violet,318655.0,9.8,diesel
530,531,102hp,Land Rover,Discovery,2001.0,WAUNF98P28A630647,Blue,111602.0,,diesel
531,532,102hp,Chevrolet,Cruze,2013.0,SALAB2D48DA241210,Mauv,350851.0,5.5,diesel
532,533,102hp,Porsche,911,2006.0,WBANN73507C975997,Crimson,483050.0,10.9,diesel
533,534,102hp,Dodge,Stratus,2001.0,JM1BL1L36D1751101,Green,138892.0,12.2,diesel
534,535,102hp,Jeep,Grand Cherokee,2011.0,JA32X2HU6BU534850,Red,379233.0,4.0,diesel
535,536,102hp,Buick,Park Avenue,2005.0,JN1BJ0HPXFM530035,Fuscia,414449.0,9.7,diesel
536,537,102hp,Toyota,Celica,1993.0,1GKS2GEJ9BR539636,Pink,417337.0,8.1,diesel
537,538,102hp,Cadillac,DeVille,1996.0,WBA3T7C58F5301290,Khaki,131532.0,6.4,diesel
538,539,102hp,CitroÃ«n,CX,1989.0,SAJWA4EC6BM184813,Yellow,395612.0,14.5,diesel
539,540,102hp,Maserati,Quattroporte,1985.0,1FTWX3B54AE561657,Red,288418.0,6.2,diesel
540,541,102hp,Jaguar,X-Type,2003.0,WBAEW53424P446886,Pink,311252.0,6.9,diesel
541,542,102hp,Jeep,Wrangler,1997.0,2C3CDXGJ9DH421911,Yellow,155796.0,,diesel
542,543,102hp,Chevrolet,Express 1500,2012.0,1GKKRNED4FJ953034,Khaki,146277.0,,diesel
543,544,102hp,Kia,Rio,2010.0,5LMJJ3J57CE886752,Khaki,152515.0,9.3,diesel
544,545,102hp,Mazda,Protege5,2003.0,3VWF17AT2FM234393,Violet,119683.0,14.3,diesel
545,546,102hp,Saab,9000,1996.0,JH4CU2F64DC867140,Goldenrod,381806.0,13.6,diesel
546,547,102hp,GMC,Savana,2012.0,2G4GS5EV2C9576785,Turquoise,221530.0,8.0,diesel
547,548,102hp,Volkswagen,Jetta,2000.0,W04GZ5GV6B1401854,Mauv,128094.0,4.2,diesel
548,549,102hp,Chevrolet,Corvette,1969.0,SAJWA0EX5E8102966,Aquamarine,162792.0,10.6,diesel
549,550,102hp,Ford,Thunderbird,2004.0,2G4WC552461112236,Maroon,285877.0,5.3,diesel
550,551,102hp,Ram,1500,2011.0,WAUEF98E48A399216,Maroon,210290.0,13.1,diesel
551,552,102hp,Ford,F150,2010.0,WBA3A5C50DF216655,Fuscia,307505.0,8.6,diesel
552,553,102hp,Nissan,Altima,2004.0,3D4PG9FV4AT747366,Goldenrod,117936.0,12.4,diesel
553,554,102hp,Infiniti,QX,2006.0,1G6DN57S750788518,Yellow,426965.0,9.9,diesel
554,555,102hp,Infiniti,Q,2004.0,3C4PDCEG1DT530545,Teal,385412.0,13.2,diesel
555,556,102hp,Subaru,Outback Sport,2002.0,WAUDFAFL9FN197833,Pink,436787.0,,diesel
556,557,102hp,Buick,LeSabre,1991.0,WAUJC68E94A595698,Aquamarine,300066.0,,diesel
557,558,102hp,Mitsubishi,Truck,1987.0,WBA1F5C59FV463514,Violet,499812.0,11.0,diesel
558,559,102hp,Cadillac,Escalade ESV,2006.0,WA1AGBFE4CD249259,Mauv,289436.0,,diesel
559,560,102hp,Lincoln,Mark LT,2006.0,2G4WY55J011603341,Mauv,210451.0,12.7,diesel
560,561,102hp,Nissan,Xterra,2004.0,JM3TB2BA3F0223142,Green,257265.0,15.0,diesel
561,562,102hp,Pontiac,Bonneville,1984.0,2D4RN4DE5AR259227,Maroon,435375.0,9.4,diesel
562,563,102hp,Volvo,S40,2007.0,5GAKVBEDXBJ975959,Orange,479234.0,14.1,diesel
563,564,102hp,Chevrolet,1500,1993.0,4T1BD1FK5FU321914,Yellow,499033.0,8.4,diesel
564,565,102hp,Ford,Aspire,1994.0,YV1902FH4D2963326,Purple,391186.0,4.1,diesel
565,566,102hp,Dodge,Dakota,1992.0,WA1VMBFE8AD766426,Mauv,432525.0,11.3,diesel
566,567,102hp,Volkswagen,Jetta III,1993.0,5YMGY0C53D0718122,Pink,287381.0,7.6,diesel
567,568,102hp,GMC,Yukon,2004.0,4A4JM2AS5BE683509,Puce,442000.0,9.9,diesel
568,569,102hp,Infiniti,Q,2000.0,WAUNF78P86A630170,Blue,119342.0,5.7,diesel
569,570,102hp,Ferrari,599 GTB Fiorano,2010.0,1G6DK5EV4A0899673,Aquamarine,410228.0,14.9,diesel
570,571,102hp,Audi,4000s Quattro,1986.0,5GADV23L25D308938,Red,242400.0,8.0,diesel
571,572,102hp,Saab,9000,1996.0,WBAGL63565D042704,Mauv,497746.0,9.0,diesel
572,573,102hp,Ford,Tempo,1994.0,3C4PDDEG6FT844751,Aquamarine,273983.0,,diesel
573,574,102hp,Toyota,Sienna,2012.0,JN8AZ1MU3AW273885,Puce,354320.0,,diesel
574,575,102hp,Cadillac,DeVille,2005.0,WAUEF78E47A074620,Violet,253094.0,,diesel
575,576,102hp,Mercury,Sable,1996.0,WDCYC3HFXAX260817,Blue,434214.0,4.8,diesel
576,577,102hp,BMW,M5,2006.0,WBA5B1C59FG388565,Pink,131619.0,9.8,diesel
577,578,102hp,Mercury,Grand Marquis,1998.0,WBA6B4C54ED449343,Orange,218152.0,8.2,diesel
578,579,102hp,Jaguar,S-Type,2008.0,4T1BF3EK6AU737759,Puce,304830.0,15.0,diesel
579,580,102hp,Audi,Allroad,2002.0,1N6AF0KXXEN368593,Indigo,339678.0,4.2,diesel
580,581,102hp,Volkswagen,Routan,2009.0,1B3CB3HA1BD788063,Orange,347947.0,9.1,diesel
581,582,102hp,Dodge,Dakota,2001.0,5GAER23708J104107,Blue,352786.0,11.1,diesel
582,583,102hp,Honda,Accord,1985.0,1N6AA0EC6FN276583,Fuscia,225933.0,10.3,diesel
583,584,102hp,Scion,tC,2012.0,1G6DP577X60373989,Pink,191738.0,5.1,diesel
584,585,102hp,Subaru,Outback,2004.0,SALFR2BG8DH844051,Crimson,287037.0,9.2,diesel
585,586,102hp,Mitsubishi,Galant,2009.0,1GD22XEG2FZ928877,Crimson,391589.0,13.8,diesel
586,587,102hp,Chrysler,Town & Country,1992.0,1FTMF1EW9AF782359,Indigo,252589.0,4.5,diesel
587,588,102hp,Hyundai,Tiburon,1998.0,WBA5A5C5XED454051,Turquoise,120021.0,13.4,diesel
588,589,102hp,GMC,Yukon,1992.0,5GAKRDKD9DJ611751,Khaki,288148.0,10.0,diesel
589,590,102hp,Toyota,Land Cruiser,1997.0,1N6BF0KX7FN286813,Yellow,205087.0,,diesel
590,591,102hp,Chrysler,PT Cruiser,2006.0,5J6TF1H54EL550822,Puce,220757.0,14.5,diesel
591,592,102hp,Volvo,S40,2005.0,1FTEW1CM0EF062184,Maroon,429601.0,,diesel
592,593,102hp,Maybach,Landaulet,2010.0,1GYS3JEF3CR562455,Pink,392823.0,8.8,diesel
593,594,102hp,Toyota,Avalon,1996.0,1C4RDHAG9FC225935,Red,403382.0,9.9,diesel
594,595,102hp,GMC,Savana 1500,2005.0,5N1AN0NW1DN882934,Aquamarine,298122.0,8.6,diesel
595,596,102hp,Mazda,B-Series,1994.0,WBAYA8C53FD179333,Orange,465909.0,,diesel
596,597,102hp,Audi,5000CS,1988.0,5N1AR1NB4BC046860,Purple,282588.0,12.2,diesel
597,598,102hp,Lexus,SC,1992.0,WDDHF5KB0EA210246,Orange,163972.0,8.6,diesel
598,599,102hp,Infiniti,QX,2012.0,3D73M4CL7AG122372,Yellow,111011.0,14.3,diesel
599,600,102hp,Dodge,Ram Van B250,1992.0,WBADT53401C022615,Fuscia,364926.0,5.3,diesel
600,601,102hp,Ford,Taurus,1996.0,SCFFDEDN9CG198964,Orange,130684.0,,diesel
601,602,102hp,Volkswagen,GTI,2008.0,WDDGF4HBXCA543581,Purple,330613.0,5.4,diesel
602,603,102hp,Chevrolet,SSR,2005.0,JN1CV6EK1CM871534,Fuscia,339796.0,6.4,diesel
603,604,102hp,Mazda,Familia,1991.0,5N1AR2MM2DC605186,Blue,470544.0,4.7,diesel
604,605,102hp,Chrysler,Sebring,2008.0,5UXWX9C54D0410175,Orange,373898.0,9.9,diesel
605,606,102hp,Ford,E350,2005.0,WUAUUAFG0EN077240,Yellow,179870.0,,diesel
606,607,102hp,Ford,Expedition,2007.0,WBAKN9C5XED795495,Aquamarine,467921.0,14.4,diesel
607,608,102hp,Geo,Storm,1993.0,WA1BV94L88D177848,Turquoise,244023.0,12.0,diesel
608,609,102hp,Ford,Thunderbird,2002.0,1D4PU6GX4BW103093,Pink,357649.0,6.7,diesel
609,610,102hp,Ford,Thunderbird,1994.0,JN8AF5MRXDT872008,Maroon,308342.0,5.9,diesel
610,611,102hp,Mazda,Miata MX-5,1994.0,YV1952AS1D1249227,Red,190325.0,7.0,diesel
611,612,102hp,Ford,Escort,1989.0,JN1CV6EK3AM549510,Yellow,281731.0,,diesel
612,613,102hp,Dodge,Ram Van 3500,1999.0,WUARL48HX6K149130,Maroon,400340.0,11.5,diesel
613,614,102hp,Mercury,Grand Marquis,2008.0,JH4DB76571S848467,Puce,328421.0,12.5,diesel
614,615,102hp,Chevrolet,Express 1500,1998.0,3G5DB03E03S134580,Blue,175481.0,13.2,diesel
615,616,102hp,Volkswagen,Jetta,1984.0,WDDGF4HB2EA468510,Turquoise,171422.0,5.7,diesel
616,617,102hp,Ford,Explorer,1996.0,JN1AZ4EH4EM144024,Yellow,417951.0,13.2,diesel
617,618,102hp,Dodge,Dakota,2002.0,3D73M4CL6AG791653,Red,464730.0,15.0,diesel
618,619,102hp,GMC,Savana 2500,2012.0,3D73M4CL8AG657209,Blue,302120.0,6.6,diesel
619,620,102hp,Kia,Optima,2010.0,WBY2Z2C52EV255968,Violet,391097.0,15.0,diesel
620,621,102hp,Ford,Mustang,2012.0,3C63DRNL3CG695574,Puce,465908.0,4.1,diesel
621,622,102hp,Mercedes-Benz,S-Class,1997.0,1LNHL9EK1FG807518,Mauv,337502.0,14.7,diesel
622,623,102hp,Isuzu,Ascender,2009.0,JN1AZ4EH7AM562538,Blue,122557.0,5.8,diesel
623,624,102hp,Toyota,Prius,2006.0,2FMDK3AC0AB976343,Turquoise,453314.0,6.3,diesel
624,625,102hp,Saab,9-3,2012.0,3GYVKMEF1AG985081,Blue,315239.0,9.3,diesel
625,626,102hp,Mercedes-Benz,E-Class,2001.0,WAUSH94F77N647560,Blue,385620.0,7.4,diesel
626,627,102hp,Dodge,Dakota,2005.0,2G4GW5EV3B9648614,Maroon,132957.0,13.9,diesel
627,628,102hp,Buick,Skyhawk,1985.0,1G6DS5ED3B0188958,Purple,206765.0,,diesel
628,629,102hp,Ford,Edge,2007.0,2C3CA7CW0AH813293,Mauv,465189.0,5.4,diesel
629,630,102hp,Volkswagen,GTI,2003.0,JTJBARBZ1F2450658,Blue,432708.0,9.2,diesel
630,631,102hp,Pontiac,LeMans,1964.0,WBAPL5G54BN718870,Pink,166183.0,,diesel
631,632,102hp,Lexus,ES,1990.0,1G6DS1E36C0707194,Blue,131905.0,,diesel
632,633,102hp,Toyota,Echo,2005.0,5NPDH4AE6CH414757,Fuscia,468980.0,14.2,diesel
633,634,102hp,Mazda,Mazda6 Sport,2006.0,WBABD534X5P038811,Maroon,375863.0,11.5,diesel
634,635,102hp,Nissan,Altima,1993.0,WAUDFAFL7DN145677,Pink,175053.0,,diesel
635,636,102hp,Dodge,Dakota Club,2004.0,WDDGF5EB9BR990199,Orange,340968.0,13.1,diesel
636,637,102hp,Nissan,Titan,2010.0,WBSBR934X4P276869,Maroon,372742.0,7.9,diesel
637,638,102hp,Dodge,Ram,2003.0,1N6AF0KX1EN811231,Khaki,218862.0,,diesel
638,639,102hp,Audi,TT,2011.0,WBANB33554B060176,Fuscia,447968.0,,diesel
639,640,102hp,Toyota,Camry Hybrid,2008.0,WVWAP7ANXEE544552,Aquamarine,124555.0,11.6,diesel
640,641,102hp,BMW,530,2001.0,1G6DG8E5XD0585615,Red,284169.0,12.7,diesel
641,642,102hp,Nissan,Quest,1997.0,SALVP2BG2FH816296,Goldenrod,264520.0,,diesel
642,643,102hp,Oldsmobile,Cutlass Supreme,1996.0,1N6AA0CA9DN713734,Orange,376897.0,9.6,diesel
643,644,102hp,Jaguar,XJ,2007.0,WA1CKBFP8AA099437,Pink,254926.0,7.2,diesel
644,645,102hp,Dodge,Ram Wagon B250,1993.0,WBA3A9G52EN522037,Orange,299052.0,,diesel
645,646,102hp,Ferrari,599 GTB Fiorano,2008.0,3C4PDDDG9CT313928,Puce,136193.0,10.3,diesel
646,647,102hp,Chevrolet,Camaro,2012.0,5GADV33L35D775694,Violet,202404.0,,diesel
647,648,102hp,Alfa Romeo,164,1993.0,JA32U2FU3EU189826,Maroon,107430.0,12.8,diesel
648,649,102hp,Mitsubishi,Diamante,1993.0,19VDE1F51FE946693,Khaki,154209.0,14.6,diesel
649,650,102hp,Nissan,Titan,2005.0,1G4PT5SV2E4956944,Green,192790.0,,diesel
650,651,102hp,Mitsubishi,GTO,1999.0,JN1CV6FE5EM481709,Violet,481111.0,14.2,diesel
651,652,102hp,Buick,Coachbuilder,1994.0,WBAVA33587P888961,Indigo,443409.0,10.6,diesel
652,653,102hp,Volvo,XC70,2005.0,WAUWMAFC2EN360349,Blue,148026.0,9.6,diesel
653,654,102hp,Ford,Mustang,1968.0,5J8TB4H39DL353663,Violet,397621.0,6.4,diesel
654,655,102hp,Volkswagen,Beetle,1965.0,3D7LT2ET5AG263655,Violet,458362.0,4.6,diesel
655,656,102hp,Ford,F350,2006.0,SCFEBBCF8CG647206,Khaki,229744.0,7.9,diesel
656,657,102hp,Porsche,911,2004.0,SCFEBBEL9DG125463,Red,228000.0,13.8,diesel
657,658,102hp,Land Rover,LR4,2010.0,WA1LMAFE1CD118303,Turquoise,124577.0,10.0,diesel
658,659,102hp,Plymouth,Colt,1994.0,1G6DP577960750862,Khaki,468695.0,8.4,diesel
659,660,102hp,Mazda,MPV,2004.0,WAUDH74F96N412430,Maroon,315014.0,,diesel
660,661,102hp,Mercedes-Benz,SLR McLaren,2008.0,WDDNG7DB5CA702311,Khaki,493274.0,8.6,diesel
661,662,102hp,Honda,S2000,2003.0,5J8TB4H53EL604616,Fuscia,427376.0,5.3,diesel
662,663,102hp,Mitsubishi,Mirage,2001.0,WBA3A9G51EN544790,Khaki,167116.0,12.5,diesel
663,664,102hp,Mazda,Miata MX-5,1996.0,3N1BC1CPXCK380530,Crimson,338115.0,14.8,diesel
664,665,102hp,Hyundai,Veracruz,2012.0,1GYFK56269R971095,Aquamarine,161017.0,,diesel
665,666,102hp,Pontiac,Firebird,1999.0,WBAKB0C54BC651303,Aquamarine,382108.0,4.5,diesel
666,667,102hp,Dodge,Ram Van 1500,2002.0,3D4PG1FG2BT011126,Puce,279275.0,6.8,diesel
667,668,102hp,Toyota,Celica,1996.0,WAUEF78E57A777191,Green,444937.0,,diesel
668,669,102hp,Chevrolet,Corvette,1972.0,JHMFA3F20AS085508,Maroon,459337.0,,diesel
669,670,102hp,Hyundai,Elantra,2001.0,WAUZL64B21N381722,Teal,114421.0,14.6,diesel
670,671,102hp,Audi,R8,2008.0,WBAYF4C50FD415981,Aquamarine,235717.0,7.7,diesel
671,672,102hp,Suzuki,Kizashi,2011.0,WBAWR33557P123039,Crimson,340773.0,4.6,diesel
672,673,102hp,Chevrolet,Suburban 1500,2004.0,JTHBC1KS6B5764248,Mauv,143903.0,5.1,diesel
673,674,102hp,Toyota,Xtra,1992.0,WDDGF4HB1CF297443,Violet,143891.0,9.4,diesel
674,675,102hp,Audi,RS6,2003.0,SCBBR53W16C627148,Fuscia,423461.0,9.4,diesel
675,676,102hp,Pontiac,Grand Am,1995.0,TRUVD38J891190944,Puce,305222.0,,diesel
676,677,102hp,Chevrolet,Beretta,1992.0,5UXXW3C52F0773288,Khaki,351785.0,11.0,diesel
677,678,102hp,GMC,Sierra,2011.0,JN1BJ0HP9FM531533,Mauv,132164.0,,diesel
678,679,102hp,Chevrolet,Cavalier,1998.0,WBXPC93547W033420,Violet,496381.0,5.4,diesel
679,680,102hp,Buick,Terraza,2005.0,SAJWA0EX1E8182332,Khaki,400016.0,4.4,diesel
680,681,102hp,BMW,X5,2010.0,WBAWR33528P056062,Goldenrod,325322.0,13.6,diesel
681,682,102hp,BMW,Z4 M,2008.0,SALWG2WF4EA501688,Aquamarine,167197.0,4.5,diesel
682,683,102hp,Ford,Laser,1984.0,WAULT68E32A298657,Puce,165008.0,6.5,diesel
683,684,102hp,GMC,Yukon XL 1500,2011.0,JTDKTUD35DD808497,Mauv,112151.0,11.4,diesel
684,685,102hp,Ford,E-Series,1987.0,5GAKVBKD2DJ730354,Fuscia,429263.0,7.6,diesel
685,686,102hp,Toyota,RAV4,2011.0,WAUVT68E52A519782,Blue,308224.0,,diesel
686,687,102hp,Subaru,Legacy,1999.0,WBAYF8C51FD240440,Maroon,101046.0,8.8,diesel
687,688,102hp,Dodge,Viper,1993.0,WAUNF78P17A524533,Turquoise,313426.0,5.4,diesel
688,689,102hp,Infiniti,M,2010.0,1D7CW2GK3AS572769,Blue,236057.0,6.5,diesel
689,690,102hp,Lincoln,Navigator L,2012.0,3N1CE2CP8FL522442,Pink,247051.0,,diesel
690,691,102hp,Hyundai,Azera,2010.0,SCFAB22312K704234,Green,409753.0,,diesel
691,692,102hp,BMW,M5,1992.0,1FTSX2A57AE643246,Teal,482215.0,,diesel
692,693,102hp,Acura,MDX,2010.0,JTDKN3DUXF0938380,Khaki,275590.0,4.1,diesel
693,694,102hp,Kia,Optima,2012.0,VNKKTUD3XFA152406,Puce,414381.0,,diesel
694,695,102hp,Toyota,Corolla,2004.0,1G4GD5ER0CF665159,Aquamarine,253946.0,4.4,diesel
695,696,102hp,Plymouth,Sundance,1992.0,1D4PU2GK1BW091742,Teal,489891.0,6.2,diesel
696,697,102hp,Nissan,Altima,2001.0,JTDZN3EU0FJ808762,Mauv,255184.0,6.0,diesel
697,698,102hp,Pontiac,Firebird,1984.0,WAUMV44E97N199625,Turquoise,483498.0,,diesel
698,699,102hp,Mazda,929,1988.0,JHMZE2H70ES289395,Green,478042.0,10.5,diesel
699,700,102hp,Maserati,Karif,1990.0,WDDLJ7DB9CA894339,Maroon,227117.0,,diesel
700,701,102hp,Mercury,Tracer,1998.0,1N6AD0CU3BC446276,Aquamarine,238148.0,4.7,diesel
701,702,102hp,Mazda,MX-5,1993.0,KMHTC6AD2EU544973,Maroon,201678.0,7.8,diesel
702,703,102hp,Mercedes-Benz,SLR McLaren,2008.0,YV1672MKXD2824573,Teal,421661.0,10.3,diesel
703,704,102hp,Suzuki,Grand Vitara,2003.0,JTHBL5EF5E5492026,Teal,277400.0,9.4,diesel
704,705,102hp,Mazda,B2000,1985.0,1G6DC1E33E0571719,Maroon,390002.0,,diesel
705,706,102hp,Mitsubishi,Starion,1988.0,3C63D3DL2CG114242,Turquoise,331101.0,12.3,diesel
706,707,102hp,Pontiac,Sunbird,1992.0,JA32U1FU5CU651150,Khaki,153778.0,12.0,diesel
707,708,102hp,Mazda,B-Series,2004.0,1G4HD5EM7AU301158,Teal,430862.0,13.7,diesel
708,709,102hp,Subaru,Forester,2001.0,4T1BD1FK7EU258670,Teal,225004.0,12.9,diesel
709,710,102hp,GMC,Sierra 1500,2005.0,1C4SDHCT9DC490542,Orange,221604.0,6.8,diesel
710,711,102hp,Ford,Contour,1996.0,3C6TD4DT3CG223704,Blue,406402.0,4.8,diesel
711,712,102hp,Ford,F-Series,2006.0,1N6AA0ED5FN854777,Goldenrod,182762.0,9.8,diesel
712,713,102hp,Cadillac,Escalade,2006.0,WA1YD54B24N570987,Turquoise,499670.0,,diesel
713,714,102hp,Mitsubishi,Lancer Evolution,2002.0,KL4CJASB2FB425791,Orange,388615.0,6.8,diesel
714,715,102hp,Toyota,Tercel,1992.0,1G4GH5G37CF784534,Aquamarine,389093.0,,diesel
715,716,102hp,GMC,Sonoma Club Coupe,1996.0,3D7TT2CT2BG350174,Green,482923.0,,diesel
716,717,102hp,Honda,Accord,1993.0,1FMCU0F77FU739754,Turquoise,433249.0,10.9,diesel
717,718,102hp,Acura,NSX,1996.0,1C3ADEAZXDV212002,Crimson,338557.0,8.7,diesel
718,719,102hp,Pontiac,Trans Sport,1991.0,5N1AN0NU3EN606528,Indigo,353283.0,8.8,diesel
719,720,102hp,Maserati,Gran Sport,2006.0,SAJWA4DB3DL757815,Turquoise,399915.0,11.2,diesel
720,721,102hp,Mazda,929,1987.0,3VW4T7ATXDM508390,Crimson,240264.0,7.0,diesel
721,722,102hp,Toyota,T100,1997.0,WBA3B5G56EN070549,Red,210193.0,13.8,diesel
722,723,102hp,Audi,A6,2006.0,2LMHJ5AR0BB667386,Indigo,177597.0,11.1,diesel
723,724,102hp,Ford,F250,1998.0,SCFAD02AX5G425594,Crimson,266558.0,10.3,diesel
724,725,102hp,Acura,TL,2002.0,1G6DA8E57C0766252,Violet,433660.0,6.0,diesel
725,726,102hp,Ford,E-Series,1992.0,1D4RD2GG7BC972211,Maroon,245441.0,4.4,diesel
726,727,102hp,Lamborghini,Gallardo,2007.0,WVGAV3AX0DW313213,Turquoise,460034.0,7.4,diesel
727,728,102hp,Volkswagen,Scirocco,1984.0,WAUCFAFC2EN476678,Blue,222287.0,12.6,diesel
728,729,102hp,GMC,Yukon XL 1500,2006.0,19UYA42593A043848,Fuscia,179478.0,,diesel
729,730,102hp,Mercedes-Benz,CLK-Class,2004.0,WAUML64B62N328422,Mauv,421476.0,,diesel
730,731,102hp,Saab,9-5,2004.0,1GYS4HKJ9FR909208,Teal,115510.0,,diesel
731,732,102hp,Chevrolet,G-Series G30,1993.0,1FTEW1CF1FK356946,Yellow,405941.0,13.0,diesel
732,733,102hp,Chevrolet,Malibu,2004.0,WBAUP7C57DV409311,Crimson,173721.0,5.5,diesel
733,734,102hp,Chevrolet,2500,1994.0,KNAFX6A80E5116769,Orange,298681.0,11.8,diesel
734,735,102hp,Subaru,SVX,1994.0,JH4CW2H62DC016896,Blue,226053.0,12.3,diesel
735,736,102hp,Chevrolet,Corvette,1988.0,W04GS5ECXB1400535,Crimson,116141.0,12.6,diesel
736,737,102hp,Ford,Tempo,1987.0,3G5DA03EX4S657030,Mauv,366762.0,10.8,diesel
737,738,102hp,Mazda,Tribute,2001.0,4A31K2DF2BE458344,Red,171872.0,10.2,diesel
738,739,102hp,Mitsubishi,Truck,1986.0,WAULT68E25A986539,Crimson,219485.0,9.5,diesel
739,740,102hp,Lotus,Exige,2004.0,WBABS334X3P065188,Green,378499.0,7.0,diesel
740,741,102hp,Oldsmobile,Alero,2003.0,3D73Y3CL0BG549358,Pink,326918.0,,diesel
741,742,102hp,Nissan,JUKE,2012.0,3D73Y4CL8BG253882,Teal,133483.0,5.0,diesel
742,743,102hp,Nissan,Maxima,2002.0,1G6AY5SX8F0856954,Maroon,294710.0,12.9,diesel
743,744,102hp,Subaru,Baja,2003.0,JTDJTUD30DD999242,Puce,403501.0,4.3,diesel
744,745,102hp,Nissan,Altima,2013.0,5J8TB18598A288377,Green,384697.0,8.6,diesel
745,746,102hp,Nissan,Titan,2007.0,JH4KA96593C712408,Turquoise,482513.0,7.0,diesel
746,747,102hp,Acura,Legend,1994.0,JN8AZ1FY6CW914367,Goldenrod,205144.0,12.7,diesel
747,748,102hp,GMC,Savana,2012.0,1G6AA5RX3F0977434,Yellow,103370.0,12.5,diesel
748,749,102hp,Jaguar,XJ Series,2003.0,1G4CU541244864818,Crimson,426108.0,14.4,diesel
749,750,102hp,Saturn,Aura,2009.0,JTHBB1BA1B2753279,Pink,273174.0,12.5,diesel
750,751,102hp,Chevrolet,Camaro,2012.0,3D7JB1EP4BG296218,Turquoise,260066.0,,diesel
751,752,102hp,Chevrolet,Silverado 1500,2008.0,1G6DM5ED2B0282145,Turquoise,280435.0,4.7,diesel
752,753,102hp,Buick,Skylark,1998.0,1GYFC162X9R418455,Aquamarine,483811.0,11.7,diesel
753,754,102hp,Dodge,Ram 1500,2000.0,SAJWA4DC7AM448167,Red,190890.0,,diesel
754,755,102hp,Lincoln,MKT,2013.0,3D7JB1EK4BG109449,Purple,319844.0,10.8,diesel
755,756,102hp,Suzuki,Sidekick,1989.0,1GYFC26259R331245,Red,334302.0,,diesel
756,757,102hp,Nissan,350Z,2007.0,1FMJU1F5XAE842147,Pink,334281.0,,diesel
757,758,102hp,Toyota,Sienna,1999.0,3GYFNBEY8BS021870,Purple,447838.0,13.8,diesel
758,759,102hp,Ford,Taurus,2003.0,JH4DC54886S996617,Indigo,375983.0,13.6,diesel
759,760,102hp,Lamborghini,Diablo,1996.0,1G6YX36D165373377,Yellow,229863.0,6.9,diesel
760,761,102hp,Mitsubishi,Chariot,1986.0,WAUVVAFR8BA231578,Blue,416243.0,6.7,diesel
761,762,102hp,Toyota,Solara,2007.0,SALVP1BG9EH879968,Orange,298621.0,8.8,diesel
762,763,102hp,Audi,A4,2002.0,WAUAGAFD9EN906137,Goldenrod,192570.0,13.6,diesel
763,764,102hp,Mercedes-Benz,S-Class,2001.0,1G6DD8E31E0991016,Yellow,472785.0,,diesel
764,765,102hp,Dodge,Grand Caravan,1998.0,1G6DC5EG0A0281622,Khaki,283429.0,6.8,diesel
765,766,102hp,Chevrolet,Tracker,2000.0,WBAHN03587D434954,Mauv,360938.0,12.6,diesel
766,767,102hp,Alfa Romeo,Spider,1992.0,5GADT13SX42960093,Blue,244004.0,,diesel
767,768,102hp,BMW,7 Series,2011.0,WAUHGAFC4EN582648,Mauv,236130.0,4.4,diesel
768,769,102hp,Hyundai,Sonata,2000.0,1FTEX1CW9AK902219,Pink,107653.0,8.4,diesel
769,770,102hp,Volvo,C30,2009.0,1G6KE54Y71U119121,Yellow,211147.0,,diesel
770,771,102hp,GMC,Envoy,2005.0,WDDNG7DB4CA310761,Yellow,212083.0,14.0,diesel
771,772,102hp,Mercury,Sable,1986.0,JA32U2FU5EU407412,Orange,366323.0,,diesel
772,773,102hp,Mercedes-Benz,SLK-Class,2002.0,WBAPK5G52BN098054,Indigo,319032.0,10.9,diesel
773,774,102hp,Plymouth,Voyager,1997.0,WA1EY74L47D746816,Turquoise,129633.0,,diesel
774,775,102hp,Dodge,Dakota,2011.0,3VWC17AU5FM537017,Maroon,225030.0,,diesel
775,776,102hp,Buick,Riviera,1999.0,3VWKP7AJ0DM393986,Red,169807.0,4.1,diesel
776,777,102hp,Suzuki,Daewoo Lacetti,2006.0,WDBWK5EA2BF751506,Indigo,324722.0,,diesel
777,778,102hp,GMC,Sierra 3500,2001.0,JHMZE2H54ES910376,Orange,417475.0,4.8,diesel
778,779,102hp,Kia,Forte,2010.0,3C4PDCBB3ET214218,Fuscia,374498.0,8.7,diesel
779,780,102hp,Lincoln,MKT,2012.0,WAUHF78P78A802205,Red,144786.0,,diesel
780,781,102hp,Volkswagen,Cabriolet,1985.0,5TDDK3DC7CS125239,Mauv,425460.0,8.8,diesel
781,782,102hp,Ford,F-350 Super Duty,2006.0,5N1AA0NC5CN728310,Aquamarine,116521.0,5.9,diesel
782,783,102hp,Volkswagen,Rabbit,2009.0,2B3CK3CV7AH577333,Yellow,146948.0,7.9,diesel
783,784,102hp,Mazda,MX-6,1995.0,SCBBR9ZA7CC521883,Aquamarine,330540.0,11.6,diesel
784,785,102hp,BMW,600,1958.0,WBAEV33413K404468,Khaki,179526.0,7.7,diesel
785,786,102hp,Mercedes-Benz,SL-Class,2011.0,SALVP2BG7EH082012,Green,117979.0,9.6,diesel
786,787,102hp,Ford,Probe,1991.0,WBSWL9C56AP022647,Maroon,347488.0,4.1,diesel
787,788,102hp,Lexus,IS,2010.0,1G6AU5S84F0324444,Goldenrod,200720.0,,diesel
788,789,102hp,Dodge,Ram 2500,2000.0,1G4HR54K05U365209,Blue,257092.0,5.1,diesel
789,790,102hp,Ford,F-Series,2003.0,2G61V5S39D9940628,Red,252267.0,10.8,diesel
790,791,102hp,BMW,5 Series,1998.0,WBSBR93456P516624,Purple,186340.0,7.8,diesel
791,792,102hp,GMC,Savana,2010.0,WBAYP9C5XDD185227,Violet,433908.0,9.0,diesel
792,793,102hp,Audi,Coupe GT,1985.0,1FTMF1EW6AF429447,Indigo,466789.0,,diesel
793,794,102hp,Pontiac,Grand Prix,1972.0,2G4GS5EVXC9446785,Maroon,140797.0,9.8,diesel
794,795,102hp,Jaguar,X-Type,2006.0,5GAKVCED7BJ896786,Violet,389917.0,,diesel
795,796,102hp,Ford,F-Series,2009.0,1ZVBP8AM3D5366612,Fuscia,204959.0,14.0,diesel
796,797,102hp,Ford,Escape,2000.0,1G4CU541454104973,Purple,251103.0,4.6,diesel
797,798,102hp,Ford,Ranger,2008.0,1FTEX1CM5DK892582,Goldenrod,276095.0,10.7,diesel
798,799,102hp,Pontiac,G6,2005.0,SCFFBCBD9BG034049,Blue,423664.0,4.6,diesel
799,800,102hp,BMW,Z4,2006.0,5TDDK3DC7FS349454,Teal,472839.0,9.9,diesel
800,801,102hp,Land Rover,Discovery Series II,2000.0,1FTSF3B54AE109032,Goldenrod,202589.0,,diesel
801,802,102hp,Mercury,Grand Marquis,1991.0,1GYEC63T24R296852,Aquamarine,307404.0,7.8,diesel
802,803,102hp,Ford,Mustang,1993.0,1G4HJ5EMXAU399529,Yellow,223642.0,,diesel
803,804,102hp,GMC,Savana 1500,2011.0,1FTEW1C89FK090593,Crimson,385673.0,,diesel
804,805,102hp,Toyota,MR2,2003.0,JM3TB2CA9E0675920,Purple,440356.0,13.9,diesel
805,806,102hp,Ford,E350,2011.0,1G6DU6EDXB0812478,Aquamarine,331627.0,6.9,diesel
806,807,102hp,Mazda,Mazda3,2005.0,1N6BF0KM2FN756123,Blue,202686.0,14.4,diesel
807,808,102hp,Toyota,Highlander,2007.0,3VW467AT4DM084146,Maroon,459491.0,14.9,diesel
808,809,102hp,Infiniti,G,2008.0,WAUSF98E87A025855,Violet,317652.0,,diesel
809,810,102hp,Toyota,4Runner,1992.0,1FTMF1E84AK562670,Orange,406161.0,,diesel
810,811,102hp,Oldsmobile,Cutlass Cruiser,1994.0,JTHBK1GG7F2546365,Red,316957.0,11.5,diesel
811,812,102hp,Mercedes-Benz,SLK55 AMG,2009.0,1GKS1FEJ0CR791127,Khaki,185423.0,4.0,diesel
812,813,102hp,Buick,Century,1997.0,3VWJP7AT1CM951789,Indigo,483220.0,,diesel
813,814,102hp,Chevrolet,Tahoe,1999.0,WBAET37444N906827,Violet,460629.0,5.7,diesel
814,815,102hp,Saab,9000,1996.0,1G6KF57963U756277,Violet,439236.0,6.8,diesel
815,816,102hp,Pontiac,G5,2009.0,WBA3B3C54FJ262698,Orange,424397.0,11.4,diesel
816,817,102hp,Plymouth,Voyager,1995.0,WA1YD64B15N945341,Fuscia,377430.0,12.3,diesel
817,818,102hp,Mercedes-Benz,E-Class,1992.0,WAUPL68E14A464601,Maroon,241012.0,10.3,diesel
818,819,102hp,Suzuki,Grand Vitara,2006.0,1FTMF1EW0AK184880,Yellow,347491.0,12.0,diesel
819,820,102hp,Lexus,SC,1993.0,WDDHF2EB1BA674801,Green,262870.0,,diesel
820,821,102hp,Isuzu,i-350,2006.0,2C3CCAAG2FH119991,Mauv,261383.0,7.5,diesel
821,822,102hp,Chevrolet,Tracker,1999.0,WAUAFAFL0AN230746,Orange,231560.0,,diesel
822,823,102hp,Volkswagen,Jetta III,1995.0,WBAPK5C56BF957758,Turquoise,470852.0,13.4,diesel
823,824,102hp,Mazda,Mazda3,2010.0,5J8TB4H32FL834082,Blue,417647.0,5.8,diesel
824,825,102hp,Pontiac,Trans Sport,1997.0,JTHBW1GGXF2403513,Orange,489979.0,12.9,diesel
825,826,102hp,Ford,F250,1992.0,WBA3R1C50FK753148,Green,252022.0,10.8,diesel
826,827,102hp,Mercury,Grand Marquis,2001.0,5J8TB4H3XGL971885,Mauv,186199.0,7.2,diesel
827,828,102hp,Kia,Sportage,1997.0,JH4CU2E6XAC024427,Orange,267004.0,,diesel
828,829,102hp,Lexus,IS,2012.0,WVGEP9BP1FD632972,Puce,116608.0,14.8,diesel
829,830,102hp,Toyota,Sequoia,2003.0,2LMDJ6JK7FB272019,Violet,468159.0,12.5,diesel
830,831,102hp,Chrysler,300M,2003.0,WAUJT54B94N825318,Fuscia,310981.0,6.6,diesel
831,832,102hp,Audi,S4,2006.0,YV126MFC9F1218094,Violet,250290.0,4.4,diesel
832,833,102hp,Saab,9000,1994.0,1G6DA8EY8B0935624,Violet,143388.0,12.5,diesel
833,834,102hp,Dodge,Avenger,2008.0,5GAKVAED4BJ107224,Yellow,101240.0,4.6,diesel
834,835,102hp,Buick,Park Avenue,1997.0,JN1CV6EK5CM143313,Turquoise,485135.0,,diesel
835,836,102hp,Mercury,Grand Marquis,1995.0,19UUA56862A441364,Teal,416909.0,4.9,diesel
836,837,102hp,Chevrolet,Silverado,2008.0,3GYFNAE37ES727621,Turquoise,439002.0,5.5,diesel
837,838,102hp,Infiniti,G37,2009.0,JH4CW2H51BC441238,Orange,231972.0,9.7,diesel
838,839,102hp,Dodge,Nitro,2009.0,1FTSW2A50AE185732,Pink,293688.0,10.5,diesel
839,840,102hp,Pontiac,Bonneville,1999.0,5FPYK1F28BB948296,Puce,166177.0,12.7,diesel
840,841,102hp,Mitsubishi,Expo,1995.0,3C4PDDEG8ET084479,Maroon,218780.0,6.5,diesel
841,842,102hp,Dodge,Sprinter,2006.0,KM8NU4CC9CU476814,Puce,342794.0,10.7,diesel
842,843,102hp,Subaru,Impreza,2000.0,2C3CCASTXCH338155,Teal,292887.0,7.0,diesel
843,844,102hp,Toyota,Camry,2001.0,SALSF2D45DA041216,Red,429619.0,12.0,diesel
844,845,102hp,Jeep,Wrangler,1997.0,1B3BD2FBXBN744049,Purple,179120.0,13.5,diesel
845,846,102hp,Chevrolet,Express,2006.0,1GTCSBD91A8629801,Aquamarine,181839.0,13.3,diesel
846,847,102hp,GMC,Savana 2500,2000.0,WBAYE8C55DD849983,Orange,139293.0,,diesel
847,848,102hp,Suzuki,SJ,1994.0,WP0AA2A98AS846084,Red,323163.0,13.3,diesel
848,849,102hp,BMW,M,2002.0,3C4PDCAB6FT161372,Puce,325634.0,9.5,diesel
849,850,102hp,GMC,2500,1995.0,WAUDF58EX5A176694,Fuscia,375320.0,5.1,diesel
850,851,102hp,Mazda,RX-7,1987.0,2C3CCABG1DH873086,Puce,293884.0,11.4,diesel
851,852,102hp,Kia,Spectra,2004.0,5UMDU934X7L763141,Yellow,468417.0,,diesel
852,853,102hp,Chevrolet,SSR,2006.0,5TDBKRFH7ES170283,Teal,200428.0,7.1,diesel
853,854,102hp,Infiniti,FX,2012.0,SAJWA0FA7AH877824,Red,487590.0,10.8,diesel
854,855,102hp,Mercury,Grand Marquis,1988.0,5UXFG8C58AL629404,Teal,282011.0,,diesel
855,856,102hp,Mercedes-Benz,CLK-Class,2001.0,WBA1J7C50EV925886,Indigo,419503.0,6.6,diesel
856,857,102hp,Mercury,Milan,2007.0,WA1TFAFL7EA064616,Red,364592.0,7.2,diesel
857,858,102hp,Porsche,911,1997.0,1FTWX3D52AE142476,Yellow,304851.0,6.6,diesel
858,859,102hp,GMC,Suburban 1500,1997.0,5XYKT3A62EG627143,Fuscia,188380.0,,diesel
859,860,102hp,Subaru,Baja,2004.0,JM1NC2LF9D0604208,Violet,358819.0,14.2,diesel
860,861,102hp,Honda,Odyssey,2006.0,1C6RD7NT8CS682701,Teal,367056.0,14.4,diesel
861,862,102hp,Audi,S8,2009.0,WDDPK4HA3EF077422,Yellow,206270.0,5.7,diesel
862,863,102hp,Dodge,Ram 2500,2010.0,WA1YL54B55N410980,Indigo,320189.0,8.5,diesel
863,864,102hp,Honda,Accord,2011.0,WBALW7C50CD563393,Maroon,469265.0,8.6,diesel
864,865,102hp,BMW,7 Series,2002.0,KMHGN4JE9FU324420,Violet,272902.0,4.6,diesel
865,866,102hp,Honda,Insight,2003.0,WVGFG9BP7BD471946,Pink,315617.0,10.8,diesel
866,867,102hp,Dodge,D150 Club,1993.0,JH4CL95924C762961,Violet,150568.0,12.5,diesel
867,868,102hp,Mercedes-Benz,S-Class,2008.0,JN1AJ0HP4AM266704,Turquoise,307000.0,5.8,diesel
868,869,102hp,Land Rover,Freelander,2001.0,SCFFDAAE2BG355388,Violet,392273.0,14.2,diesel
869,870,102hp,BMW,7 Series,2008.0,WAUMFAFL3DA676222,Mauv,353321.0,,diesel
870,871,102hp,Mazda,Protege,1994.0,WA1VMAFE1BD519602,Puce,207689.0,,diesel
871,872,102hp,Chevrolet,Silverado 2500,2003.0,JN8CS1MU8DM549412,Goldenrod,296621.0,10.3,diesel
872,873,102hp,BMW,M6,2010.0,JN1CV6EKXCM772324,Yellow,179547.0,,diesel
873,874,102hp,Mazda,RX-7,1989.0,WBA5B1C52ED308121,Aquamarine,312482.0,,diesel
874,875,102hp,Honda,Civic,1999.0,3VW517AT0FM202814,Khaki,417377.0,5.3,diesel
875,876,102hp,Isuzu,Amigo,1993.0,1G4HP54K13U012707,Orange,312602.0,10.9,diesel
876,877,102hp,Volvo,960,1994.0,1GYUCGEF4AR852860,Khaki,412562.0,,diesel
877,878,102hp,Nissan,GT-R,2012.0,2T3BFREV9FW642964,Pink,364647.0,8.3,diesel
878,879,102hp,Jaguar,XJ Series,1994.0,SCFEDEAN0CG931032,Turquoise,453656.0,,diesel
879,880,102hp,Chevrolet,Suburban 1500,1993.0,1G6DA5EY1B0815615,Maroon,477451.0,11.7,diesel
880,881,102hp,Mercedes-Benz,SLR McLaren,2007.0,KNAFT4A2XD5593350,Fuscia,185670.0,13.1,diesel
881,882,102hp,Mercedes-Benz,CL-Class,2012.0,4T1BD1EB5DU286502,Orange,112250.0,9.4,diesel
882,883,102hp,Maserati,GranSport,2006.0,JTJBJRBZ9F2142895,Pink,148555.0,,diesel
883,884,102hp,Dodge,Dakota Club,2004.0,KNAFU6A22C5681414,Goldenrod,425037.0,,diesel
884,885,102hp,Infiniti,J,1993.0,5TFAW5F12EX690767,Blue,106344.0,7.5,diesel
885,886,102hp,BMW,525,2005.0,WA1LGBFE4FD646676,Yellow,369520.0,8.6,diesel
886,887,102hp,Mercury,Capri,1985.0,2C4RDGDG6FR828628,Violet,412643.0,10.2,diesel
887,888,102hp,Volvo,S80,2008.0,5UXFA53593L226938,Mauv,312848.0,10.4,diesel
888,889,102hp,Mercedes-Benz,E-Class,2007.0,WAUJC58E85A609666,Maroon,236629.0,5.5,diesel
889,890,102hp,Land Rover,Defender,1994.0,1GKKRNED2EJ560065,Khaki,475987.0,,diesel
890,891,102hp,Nissan,350Z,2008.0,WBA3C1C56CF436609,Aquamarine,416505.0,13.3,diesel
891,892,102hp,Volkswagen,Scirocco,1987.0,WBAWV13587P485074,Goldenrod,403044.0,6.3,diesel
892,893,102hp,Bentley,Continental GT,2006.0,19UUA56952A504561,Fuscia,268729.0,14.7,diesel
893,894,102hp,Oldsmobile,98,1992.0,WA1VKAFP1AA713814,Orange,352718.0,5.9,diesel
894,895,102hp,GMC,Savana 1500,2000.0,JN8AZ2KR1CT569352,Blue,270814.0,,diesel
895,896,102hp,Ford,Club Wagon,1995.0,5J8TB3H56FL926212,Yellow,382231.0,13.3,diesel
896,897,102hp,Hyundai,Entourage,2008.0,WBAFV3C55ED307102,Aquamarine,323403.0,13.1,diesel
897,898,102hp,Chevrolet,2500,1997.0,1N4AL3APXDC291383,Pink,370453.0,10.6,diesel
898,899,102hp,Dodge,Caravan,2001.0,1HGCR2E31DA067676,Orange,169136.0,9.7,diesel
899,900,102hp,Pontiac,Montana,2003.0,4T1BK3DB2CU144366,Khaki,109658.0,,diesel
900,901,102hp,Plymouth,Grand Voyager,1997.0,3GYEK62N35G174427,Aquamarine,439593.0,,diesel
901,902,102hp,Nissan,350Z,2006.0,WA1CMBFP5EA996439,Khaki,480615.0,4.8,diesel
902,903,102hp,Dodge,Dakota Club,2006.0,1N6AF0KY0FN265063,Teal,430535.0,9.2,diesel
903,904,102hp,Ford,F150,2006.0,WBAEU33442P986294,Pink,316927.0,10.6,diesel
904,905,102hp,Ford,Tempo,1991.0,19UUA9F59EA148771,Green,306865.0,,diesel
905,906,102hp,Land Rover,Discovery,1995.0,5UXFG8C5XCL415159,Aquamarine,125119.0,12.9,diesel
906,907,102hp,Volkswagen,Eurovan,2002.0,1NXBU4EE9AZ321937,Crimson,124046.0,9.4,diesel
907,908,102hp,Eagle,Vision,1996.0,JHMFB4F23CS851091,Indigo,456745.0,10.4,diesel
908,909,102hp,Bentley,Continental,2009.0,WBAYP1C52FD986688,Purple,385625.0,,diesel
909,910,102hp,Buick,LeSabre,1987.0,2HNYB1H64DH438138,Orange,497211.0,,diesel
910,911,102hp,Volkswagen,Passat,2004.0,2B3CJ5DT4BH347424,Maroon,178068.0,4.5,diesel
911,912,102hp,Oldsmobile,Alero,2003.0,WAUXD68D71A607292,Mauv,105070.0,13.9,diesel
912,913,102hp,BMW,3 Series,1993.0,1G6DA5EG4A0328849,Red,423931.0,9.3,diesel
913,914,102hp,GMC,Sonoma,2004.0,WVGAV7AX5BW389563,Fuscia,147068.0,12.6,diesel
914,915,102hp,Jaguar,XJ Series,2002.0,5NPDH4AE5DH362104,Orange,396314.0,8.6,diesel
915,916,102hp,Ford,Mustang,1999.0,5GAKRBED7CJ429111,Mauv,347190.0,,diesel
916,917,102hp,Porsche,944,1987.0,5TDDK3DC7DS099971,Fuscia,287728.0,,diesel
917,918,102hp,Volvo,240,1993.0,1G6AU5S83E0889136,Green,400611.0,,diesel
918,919,102hp,Chevrolet,G-Series 1500,1997.0,1GYS3BEF9CR889416,Mauv,329764.0,14.9,diesel
919,920,102hp,Volkswagen,Golf,1986.0,1FT7W2A65EE145408,Yellow,467995.0,10.6,diesel
920,921,102hp,Chrysler,PT Cruiser,2009.0,WAUDH94F76N951608,Orange,205027.0,13.3,diesel
921,922,102hp,Mazda,Miata MX-5,2004.0,1N6AA0CA1AN291969,Orange,325221.0,5.6,diesel
922,923,102hp,Mitsubishi,Galant,1997.0,3D7JV1EP7AG453150,Khaki,100722.0,,diesel
923,924,102hp,Plymouth,Breeze,1999.0,W04GS5EC0B1325876,Maroon,374234.0,,diesel
924,925,102hp,Toyota,Camry,2007.0,5J8TB4H51GL419063,Turquoise,428941.0,14.0,diesel
925,926,102hp,Cadillac,Catera,1998.0,1GYS4DEF5CR200111,Puce,294292.0,,diesel
926,927,102hp,Chevrolet,Suburban 1500,2000.0,WAUHGBFC7EN622579,Red,265216.0,7.9,diesel
927,928,102hp,Mazda,323,1992.0,1GKS1AE09ER777028,Yellow,333705.0,,diesel
928,929,102hp,Jeep,Grand Cherokee,2005.0,WA1LFBFP2CA557142,Red,404250.0,12.6,diesel
929,930,102hp,Mazda,MPV,1990.0,4T1BD1FK5EU636176,Red,444075.0,11.9,diesel
930,931,102hp,Mitsubishi,Challenger,2004.0,2G4GW5EVXB9758219,Aquamarine,264828.0,9.3,diesel
931,932,102hp,Hummer,H3,2009.0,JN8AZ2KR8BT528683,Violet,100620.0,13.1,diesel
932,933,102hp,Audi,S5,2012.0,3VW4A7AT2DM114968,Turquoise,127565.0,11.4,diesel
933,934,102hp,Kia,Sephia,1994.0,3D73M4EL2BG405714,Khaki,109257.0,,diesel
934,935,102hp,Dodge,Magnum,2007.0,YV4952CF0C1945871,Turquoise,220747.0,13.2,diesel
935,936,102hp,Land Rover,LR2,2012.0,WBAXG5C54CD930606,Goldenrod,245919.0,12.0,diesel
936,937,102hp,Pontiac,Tempest,1966.0,5UXXW5C56F0551204,Fuscia,225248.0,5.5,diesel
937,938,102hp,Spyker,C8 Spyder Wide Body,2004.0,1G4GH5E3XCF527354,Turquoise,320702.0,14.9,diesel
938,939,102hp,Hyundai,Accent,1996.0,3VW4A7AT7DM993237,Turquoise,481178.0,7.5,diesel
939,940,102hp,Jaguar,XK Series,1999.0,2B3CK8CT8AH831501,Crimson,351647.0,7.9,diesel
940,941,102hp,GMC,Sierra Denali,2006.0,3N1AB7AP3FY676155,Indigo,310213.0,4.1,diesel
941,942,102hp,Lincoln,Town Car,1994.0,1GYUKAEF9AR591760,Teal,291887.0,9.1,diesel
942,943,102hp,Mitsubishi,Pajero,1993.0,2FMGK5BC7AB633424,Khaki,139380.0,8.4,diesel
943,944,102hp,Mercedes-Benz,300CE,1992.0,3D7TT2HT7AG356365,Teal,380014.0,11.6,diesel
944,945,102hp,Mercedes-Benz,SLK-Class,2004.0,YV1672MW0B2933754,Fuscia,235413.0,12.4,diesel
945,946,102hp,Toyota,Avalon,1997.0,1FMJK1FT6FE175816,Maroon,243685.0,5.5,diesel
946,947,102hp,Subaru,Impreza,2001.0,5N1AA0ND8EN062443,Orange,412920.0,,diesel
947,948,102hp,Ford,Flex,2010.0,2HNYD2H26DH898849,Teal,288627.0,9.6,diesel
948,949,102hp,Audi,A6,1999.0,WBA5B3C53ED853188,Maroon,261249.0,5.2,diesel
949,950,102hp,Mazda,B-Series,1994.0,3VW8S7AT1FM670447,Purple,465810.0,9.2,diesel
950,951,102hp,Subaru,Forester,2006.0,WAUWFBFL3BA175035,Fuscia,247309.0,11.6,diesel
951,952,102hp,Toyota,Avalon,2009.0,3LN6L2G98FR481203,Yellow,150724.0,14.7,diesel
952,953,102hp,Mercury,Villager,2000.0,2T1BURHE5EC535842,Puce,121697.0,4.9,diesel
953,954,102hp,Toyota,4Runner,1998.0,WDDLJ9BB4FA815386,Yellow,223414.0,5.1,diesel
954,955,102hp,Plymouth,Grand Voyager,1994.0,1N6AD0CUXFN158846,Purple,230963.0,6.9,diesel
955,956,102hp,Saturn,VUE,2007.0,5YMGZ0C57D0339377,Violet,218997.0,13.5,diesel
956,957,102hp,Pontiac,Sunfire,1998.0,5YMGZ0C50BL135984,Mauv,144779.0,12.7,diesel
957,958,102hp,Mazda,Miata MX-5,1992.0,WA1VMBFE3AD142761,Aquamarine,424641.0,12.0,diesel
958,959,102hp,Infiniti,QX56,2011.0,WP0CA2A84ES430457,Puce,405879.0,9.1,diesel
959,960,102hp,Cadillac,Catera,1997.0,WBAYE4C5XDD312812,Teal,230963.0,13.2,diesel
960,961,102hp,Volkswagen,Golf,1999.0,2T1BURHE1FC490027,Fuscia,116070.0,12.7,diesel
961,962,102hp,Buick,Riviera,1988.0,SALVN2BG4EH137148,Crimson,210006.0,6.8,diesel
962,963,102hp,Porsche,Panamera,2012.0,WA1WGAFP6DA576122,Mauv,232267.0,,diesel
963,964,102hp,Kia,Mentor,1997.0,SCFAD22333K412354,Maroon,268875.0,14.9,diesel
964,965,102hp,Buick,Regal,1988.0,JN1BJ0HP9EM267406,Teal,171232.0,,diesel
965,966,102hp,BMW,5 Series,1994.0,WAUMFAFLXCN400532,Maroon,124858.0,5.8,diesel
966,967,102hp,Suzuki,Swift,2006.0,KMHEC4A48EA326101,Purple,141392.0,,diesel
967,968,102hp,Ferrari,599 GTB Fiorano,2009.0,1G6DU57V190903164,Violet,463540.0,14.3,diesel
968,969,102hp,Lexus,SC,1998.0,1C3CCBAB8CN754355,Aquamarine,115842.0,7.4,diesel
969,970,102hp,Buick,LeSabre,1997.0,3N1AB6AP9CL737074,Violet,290332.0,4.1,diesel
970,971,102hp,Honda,Civic,2000.0,JN8AZ2KR0ET780741,Khaki,470732.0,11.5,diesel
971,972,102hp,Mercedes-Benz,CLK-Class,2000.0,1LNHL9DK6EG081445,Maroon,313158.0,,diesel
972,973,102hp,Mercury,Tracer,1989.0,KNAFT4A21A5633293,Teal,350441.0,12.7,diesel
973,974,102hp,Mercury,Montego,2006.0,JTDJTUD31ED099239,Goldenrod,483558.0,8.6,diesel
974,975,102hp,Maserati,Quattroporte,2008.0,4F2CY0C78BK418490,Khaki,363213.0,,diesel
975,976,102hp,Mercury,Mountaineer,2000.0,5N1AR1NB8CC616716,Aquamarine,256732.0,9.7,diesel
976,977,102hp,Mazda,RX-8,2007.0,WBSKG9C50DE565589,Fuscia,359447.0,4.8,diesel
977,978,102hp,Dodge,Viper,1993.0,2T1BURHE4EC593019,Aquamarine,153698.0,8.6,diesel
978,979,102hp,Honda,Civic,2007.0,WAUDFBFC6CN344479,Mauv,366567.0,12.7,diesel
979,980,102hp,Chevrolet,Citation,1980.0,KMHGH4JH4EU886502,Teal,363207.0,11.5,diesel
980,981,102hp,Toyota,Highlander,2010.0,1GYUCKEF6AR294531,Puce,280356.0,14.4,diesel
981,982,102hp,Bentley,Continental GTC,2010.0,WAUUL78E75A444802,Khaki,387345.0,11.0,diesel
982,983,102hp,Chevrolet,Suburban 2500,2003.0,5BZBF0AAXEN102284,Maroon,165600.0,12.1,diesel
983,984,102hp,Pontiac,Firefly,1992.0,1GYUKAEF8AR186263,Maroon,242550.0,,diesel
984,985,102hp,Dodge,Neon,1997.0,19UUA9F55CA322218,Puce,215825.0,5.3,diesel
985,986,102hp,Mercedes-Benz,W201,1989.0,1G6KD57Y07U340258,Teal,176267.0,10.5,diesel
986,987,102hp,Volkswagen,Golf,2000.0,JN8AZ2KR2BT152725,Aquamarine,417382.0,12.9,diesel
987,988,102hp,GMC,Safari,1996.0,JA32U1FU8AU420952,Fuscia,489153.0,4.9,diesel
988,989,102hp,Volvo,C70,1999.0,3VW4A7AT0DM060666,Violet,304761.0,10.1,diesel
989,990,102hp,Maserati,GranTurismo,2009.0,WAUVT54B82N938188,Turquoise,468706.0,,diesel
990,991,102hp,Subaru,Baja,2004.0,WBA3B5C5XEP872144,Blue,214109.0,14.0,diesel
991,992,102hp,Audi,S4,2001.0,3C3CFFCR8DT708793,Red,447529.0,6.6,diesel
992,993,102hp,Chrysler,LHS,1999.0,4T1BF1FK0FU527684,Khaki,466768.0,10.5,diesel
993,994,102hp,Toyota,Sienna,2000.0,KNDPB3AC4E7854278,Violet,462251.0,14.2,diesel
994,995,102hp,Infiniti,Q,2003.0,WAUML44E94N766434,Goldenrod,420983.0,13.0,diesel
995,996,102hp,Mercury,Mountaineer,1997.0,WAUNF98P86A313730,Goldenrod,376524.0,13.3,diesel
996,997,102hp,Dodge,Dakota Club,2003.0,3C63DPJL4CG965261,Blue,154033.0,6.2,diesel
997,998,102hp,Ford,E250,1984.0,2T1BURHE7FC996980,Teal,352264.0,14.8,diesel
998,999,102hp,Nissan,Frontier,2012.0,SCFEBBBK5BG788537,Red,474843.0,11.3,diesel
999,1000,102hp,Toyota,RAV4,1997.0,5UXXW5C55F0887572,Orange,232948.0,14.0,diesel
1000,1001,102hp,Dacia,Logan,,,Black,,7.0,diesel
1001,1001,102hp,Dacia,Logan,,,Black,,7.0,diesel
