id,make,model,year,VIN,color,mileage,fuel_consumtion
1,Mazda,RX-7,1992,YV126MFB1F2923246,Teal,136138,10.6
2,Suzuki,SX4,2010,WDDGF4HB6ER786650,Pink,225791,8.4
3,Lexus,LS,2012,JTHBS1BL4D5306481,Orange,218712,4.5
4,Mitsubishi,Eclipse,2012,1G6AB5SX0E0055872,Khaki,384120,12.8
5,Mercedes-Benz,S-Class,1993,1G6KD57Y94U717312,Blue,146038,8.9
6,Nissan,Pathfinder,1999,YV1672MK3B2695542,Red,386829,
7,Mercedes-Benz,S-Class,1986,5UXFA53502L343368,Maroon,455017,4.0
8,Dodge,Caravan,1997,4T3BA3BB2CU070718,Goldenrod,124405,10.5
9,GMC,Vandura G2500,1995,4T3BA3BB0EU382488,Maroon,390917,13.2
10,Lamborghini,Countach,1988,JM1NC2EFXA0021686,Green,165024,10.2
11,Dodge,Neon,1997,1G6DL5E38C0022053,Goldenrod,462637,4.5
12,Dodge,Challenger,2008,WAUFGBFC5DN434374,Teal,134448,
13,Buick,Skyhawk,1984,WAUML64B14N367843,Yellow,183948,7.9
14,Saturn,Astra,2008,WAUUL58E25A733137,Pink,322826,9.5
15,Ford,E150,2011,WA1VGBFP9EA123101,Yellow,483432,14.9
16,Suzuki,Equator,2012,WBA3C1C50EK238313,Mauv,455372,5.6
17,Lexus,LX,1998,JTHBK1EG7C2896013,Maroon,441506,12.4
18,Subaru,Impreza,2005,WAU2GAFC5EN992980,Fuscia,370579,7.8
19,Hyundai,Tucson,2007,2HNYD18653H906709,Khaki,302268,
20,Volvo,S80,2002,WBAYA8C52DC895174,Red,201022,14.8
21,Isuzu,Trooper,1996,WAUMV44EX7N859929,Red,477197,6.3
22,Saturn,S-Series,1993,5NPEB4AC3EH737073,Teal,182087,8.6
23,Porsche,Boxster,1997,3C63DPBL8CG622550,Red,107726,5.3
24,Chevrolet,Corvette,1998,JTHDU1EF2E5709661,Green,485592,7.1
25,GMC,Suburban 1500,1995,4T1BD1FK0DU181574,Indigo,464486,7.5
26,Audi,Quattro,1985,SAJWA4GB0FL781228,Orange,479903,7.5
27,Mercedes-Benz,R-Class,2008,JHMGE8G3XBC907871,Maroon,295436,6.7
28,Mercedes-Benz,M-Class,1999,WAUEG74F56N564891,Khaki,265952,
29,Chevrolet,Prizm,1998,JH4NA21635S386098,Indigo,406476,
30,Dodge,Ram 3500,2001,WBAEV33465K406090,Pink,393084,11.1
31,Ford,Bronco II,1990,55SWF4JB9FU133350,Blue,101534,10.0
32,Buick,Park Avenue,1998,4T1BD1FK8EU104842,Fuscia,407962,14.7
33,Mitsubishi,Mirage,2002,SCBZK25E43C093998,Red,405038,
34,Toyota,Xtra,1995,WAUPL68EX4A249900,Goldenrod,118751,4.7
35,Saturn,Ion,2005,1G4PR5SKXF4084891,Green,374831,
36,Chevrolet,1500,1999,3VWAL7AJ3AM249688,Violet,444492,9.0
37,Chevrolet,Lumina APV,1992,WBAPH7C51BA870714,Maroon,348613,11.7
38,Cadillac,Eldorado,2000,WBAYA6C50FG810266,Yellow,223075,4.5
39,Pontiac,GTO,2005,SCBDR33W07C315174,Green,305852,14.5
40,Chevrolet,Corvette,1993,19UUB3F74FA707480,Pink,172668,11.9
41,Lincoln,Continental Mark VII,1985,1G6AB5RX3D0086490,Violet,474117,10.7
42,Honda,FCX Clarity,2012,1G6DS5ED1B0699293,Red,489202,9.3
43,Hyundai,Accent,2010,1FMCU0C74AK572262,Mauv,208930,7.6
44,Pontiac,Grand Am,1990,WAUBF48H27K125280,Red,238867,
45,Ford,F350,1999,SCFFDCCD9BG005238,Pink,158851,
46,Mazda,RX-7,1988,1FTEW1CM9CK411301,Goldenrod,272321,11.5
47,Saab,9000,1997,WBANE73567C874950,Purple,199191,15.0
48,Suzuki,Sidekick,1995,19XFA1E80AE584520,Turquoise,341040,8.4
49,Lexus,SC,1994,SAJWA4DB0DL720690,Turquoise,477537,
50,Mitsubishi,Outlander,2004,WAUMFBFL0DN780343,Orange,107814,13.2
51,Mazda,Mazda6,2006,4JGBF2FBXAA102215,Crimson,379411,7.7
52,Land Rover,Discovery,2004,1C6RD7NT1CS217497,Indigo,250808,6.0
53,Pontiac,Grand Am,1998,WAUBH74FX6N913544,Purple,376360,9.5
54,Mazda,Mazda6,2011,KNAFT4A28C5677942,Fuscia,415236,
55,Buick,Century,1985,SCBZB25E82C672197,Mauv,178699,14.3
56,Acura,NSX,1994,WBANA73575B172540,Orange,270902,
57,Volvo,V40,2003,3D73Y3CL4AG023152,Goldenrod,411460,10.0
58,Chevrolet,Tahoe,2003,19UUB2F5XFA274062,Maroon,209780,9.7
59,Acura,MDX,2010,4T3BK3BB7FU081540,Aquamarine,157874,12.5
60,Chevrolet,Tahoe,2001,WBAET37414N503680,Blue,481532,
61,Oldsmobile,LSS,1997,SALVP1BG2CH923306,Red,100893,13.1
62,Mercury,Cougar,1987,2C3CA3CV4AH536714,Red,144850,
63,Honda,Element,2009,WBANE73567B182158,Blue,235133,
64,Land Rover,Range Rover,2001,WAUDH78E38A205818,Fuscia,139896,12.2
65,Buick,Riviera,1996,WAUR2AFD9DN499999,Teal,147495,
66,Lamborghini,Diablo,1994,JTHDU5EF5C5023716,Turquoise,425337,
67,Ford,Thunderbird,1993,1FTMF1CW9AK642595,Fuscia,462261,12.4
68,Honda,Civic Si,2005,1FTNF2B53AE245949,Mauv,239404,
69,Nissan,350Z,2003,WVGAV7AXXCW607532,Indigo,167943,11.5
70,Ford,Explorer Sport Trac,2008,YV4952CZ9E1974539,Orange,282150,6.3
71,Honda,Passport,1997,WBAEJ13421A612278,Mauv,115819,7.4
72,Chevrolet,G-Series G20,1992,5LMJJ3J52CE471533,Green,170987,7.2
73,Chevrolet,Sportvan G30,1992,VNKJTUD34FA724601,Crimson,338489,11.4
74,Dodge,Dakota Club,1996,WAUUFAFH0AN992872,Violet,293384,9.4
75,Chevrolet,Tracker,2002,JA32X2HU0CU879650,Goldenrod,118998,13.3
76,Infiniti,G35,2006,3GYFNJE66BS623448,Orange,382005,14.5
77,Toyota,Yaris,2010,5N1AR1NB3CC389550,Yellow,250338,4.0
78,Pontiac,Grand Am,1988,1GYFK43878R604787,Red,350690,10.9
79,Lotus,Esprit,1998,JN8AE2KP9E9804381,Puce,420339,
80,Volvo,S40,2005,WAUEF78E88A971313,Turquoise,159004,
81,Dodge,Stealth,1992,WBAYM1C57DD429944,Teal,398544,12.1
82,Ford,Explorer,2005,19UUA8F5XCA613307,Mauv,385162,10.8
83,Mercury,Cougar,1995,1FMEU6EE3AU709414,Purple,161768,8.7
84,Volkswagen,GTI,2004,5FNRL5H23FB741786,Fuscia,231714,
85,Ford,Taurus,1990,WBA3B3C59FJ221435,Red,497183,7.0
86,Bentley,Continental GTC,2012,1ZVBP8JZXE5519287,Yellow,176667,
87,Dodge,Ram Van 3500,1995,TRUDD38JX81116306,Aquamarine,184879,5.3
88,Jeep,Cherokee,2000,1C6RD6FKXCS540348,Turquoise,158282,11.2
89,Buick,Skyhawk,1988,1G6AL5SX0E0377151,Mauv,248423,14.6
90,Chevrolet,Silverado 1500,2007,3D7TT2CT0AG576194,Teal,317728,7.5
91,Ford,Mustang,1980,WAULT68E82A258414,Puce,185098,7.5
92,Mercury,Grand Marquis,1992,1GYEC63T42R562823,Purple,246714,10.6
93,Mitsubishi,GTO,1996,5TDBCRFHXFS424843,Aquamarine,460735,14.9
94,Volkswagen,Scirocco,1984,1G6YX36D065715868,Blue,425204,6.7
95,Honda,Accord,1997,JTEBU4BF5DK067818,Teal,410377,8.4
96,GMC,Safari,1995,JHMZF1C44BS103082,Maroon,334176,6.7
97,Toyota,T100,1994,5N1CR2MM9EC302030,Maroon,448034,11.1
98,Chevrolet,Corsica,1996,WBALZ5C57CC022276,Orange,230957,5.1
99,Dodge,Stratus,2004,KNAFX6A84F5136346,Aquamarine,274746,14.5
100,Chevrolet,Silverado 2500,2004,4T1BK1EB0EU006931,Indigo,148358,13.6
101,Eagle,Talon,1997,KNAFK4A61F5275027,Blue,234706,7.0
102,Honda,Passport,1996,3D73Y3HL7AG694548,Green,355867,6.2
103,Porsche,Cayenne,2013,1N6AD0CW5EN924403,Fuscia,477287,
104,BMW,530,2001,KL4CJFSB1DB983898,Maroon,499282,4.3
105,Geo,Prizm,1997,KNAFZ6A36F5010679,Yellow,325154,11.5
106,Pontiac,Firebird Trans Am,1986,JTHBF5C27D5937999,Violet,140946,10.7
107,Chevrolet,Suburban,2010,3VWF17AT6FM151890,Violet,151199,9.9
108,BMW,X6,2013,1G6KD57Y37U219286,Orange,497385,13.4
109,Dodge,Durango,1999,1N6AA0EC4EN695188,Turquoise,257133,
110,Jeep,Grand Cherokee,1997,3VW4T7AT8EM362752,Fuscia,348923,10.6
111,Mitsubishi,Lancer,2012,1N6AA0CC2AN379642,Fuscia,288075,
112,Nissan,Pathfinder,2007,JN1CV6EK5AM818560,Crimson,308051,
113,GMC,Suburban 2500,1999,5UXFE43589L032215,Turquoise,344577,4.0
114,Ford,Explorer,1994,WBA5B1C57FD943708,Crimson,455813,
115,Mercedes-Benz,S-Class,1984,WAUFFAFL4BA390918,Teal,413542,
116,Chevrolet,Express 1500,2001,2T1KE4EE9AC386818,Red,401622,10.4
117,Chevrolet,Express 2500,2011,WAUJC68EX5A888026,Violet,297883,6.9
118,Toyota,Prius,2012,1FT7W2A61EE571273,Orange,172601,14.9
119,Kia,Optima,2004,WAUPN94E78N167784,Puce,383718,
120,Audi,100,1992,WBADT33472G311859,Aquamarine,481294,11.4
121,Pontiac,Montana,2004,1C3CCBCG0EN073568,Pink,210511,
122,Cadillac,Eldorado,1995,WBAEU33462P879070,Maroon,386303,9.2
123,Hyundai,Scoupe,1995,WAUEL94F96N998030,Khaki,282306,13.3
124,Chevrolet,Express,2007,WAUEH98E67A628200,Maroon,474509,10.6
125,Alfa Romeo,164,1992,1FMCU4K34BK622522,Green,291762,
126,Audi,A5,2011,4T3BA3BB1EU676028,Khaki,249062,8.8
127,Volvo,V90,1997,3C63DRHLXCG938048,Teal,102822,5.1
128,BMW,M5,2001,2C3CCASG4FH735139,Aquamarine,485277,9.5
129,Toyota,Corolla,2009,WA1VMAFE1FD370050,Pink,348776,12.8
130,BMW,3 Series,2010,SCFFDAAM7DG375985,Fuscia,185377,5.5
131,Subaru,Alcyone SVX,1993,3VW4T7AT0EM592866,Violet,254201,13.3
132,Cadillac,Escalade,2005,WAUVT68E45A767719,Puce,465205,7.2
133,Mercury,Villager,1998,2FMDK3AKXEB825264,Maroon,242142,
134,Dodge,Ram 3500,1999,5TDBK3EH1DS683378,Green,148135,7.3
135,Infiniti,G,2010,3D7TP2CT7AG433098,Red,392914,12.0
136,Toyota,Xtra,1993,1G4PP5SK5C4908944,Fuscia,449576,11.6
137,Honda,Accord,1990,YV1672MK0C2233117,Blue,137148,4.6
138,Mercedes-Benz,W126,1983,2B3CJ5DT5AH793516,Khaki,453370,9.2
139,Infiniti,QX56,2007,JH4CU2F6XAC518432,Turquoise,443495,9.0
140,Mercedes-Benz,SL-Class,1993,WAUDF98E16A703742,Indigo,292284,14.9
141,Pontiac,Sunbird,1990,1FTMF1CW6AF606081,Indigo,184410,6.4
142,Chevrolet,Corvette,1964,SAJWA2GZ1E8086372,Aquamarine,143286,
143,Pontiac,Grand Prix,1968,JTHBP5C21D5006749,Crimson,467343,9.0
144,GMC,Jimmy,2000,WAUAF78E46A324838,Turquoise,384295,
145,Kia,Spectra,2002,1G6AB5RXXF0848586,Mauv,313470,
146,Mitsubishi,3000GT,1993,1FTSW3B59AE656037,Khaki,122923,8.5
147,Dodge,D150,1993,WBAAZ33414K540443,Turquoise,242546,6.5
148,Mercedes-Benz,W201,1992,1GD21ZCG3CZ121040,Puce,235651,9.9
149,Mercedes-Benz,CL-Class,2006,2C4RDGCG0FR561519,Turquoise,327136,5.2
150,Chevrolet,Corvette,1956,WVWAA7AJ5CW957341,Yellow,411956,
151,Mazda,MX-5,2005,WAUFMAFC4EN994536,Mauv,486188,
152,Toyota,Sienna,2003,1FTSW3A57AE650531,Green,326052,
153,Dodge,Journey,2012,WUAUUAFGXCN349564,Maroon,231954,12.2
154,Mitsubishi,Galant,2005,WVWAA7AH5BV076043,Teal,222300,11.1
155,Isuzu,Hombre,1999,1FAHP2D87DG905557,Green,384260,4.7
156,Mercedes-Benz,S-Class,2001,1G6ET12981B216508,Violet,168136,14.2
157,Buick,Lucerne,2007,YV126MFD8F1444670,Teal,259790,10.2
158,Jensen,Interceptor,1966,2T1BURHE7EC461176,Maroon,436556,12.3
159,Chevrolet,Corvette,1994,19UUB3F71FA839855,Crimson,355119,13.2
160,Mercedes-Benz,300CE,1993,2G4GR5GX0F9216560,Puce,450888,8.0
161,Maybach,57,2010,WAUA2AFD8EN273466,Goldenrod,326724,10.5
162,Isuzu,Stylus,1992,WBAYA6C57DD322995,Indigo,360746,5.3
163,GMC,Yukon Denali,2000,WBA3T7C50F5220428,Turquoise,485233,6.6
164,Ford,F250,1995,3VW1K7AJ4DM703020,Red,221985,11.3
165,Lincoln,Mark VIII,1996,1C3CDFAA2ED839373,Mauv,159892,9.8
166,Pontiac,LeMans,1967,WBA3B3G59DN326251,Turquoise,403164,14.8
167,Oldsmobile,Silhouette,1997,3C63D3EL6CG862765,Green,436172,4.4
168,Ford,Taurus,2006,1B3CC1FB8AN753896,Puce,477411,13.0
169,BMW,M3,2009,1GYFK66868R019383,Puce,222459,9.2
170,Chevrolet,Blazer,1997,1G6DT57V390643935,Turquoise,217985,
171,Hyundai,Accent,2008,YV140MAM1F1728806,Maroon,485631,11.5
172,BMW,3 Series,1998,JTEBU5JR2E5040853,Turquoise,360541,5.7
173,Toyota,Prius,2006,4T1BF1FK8EU890703,Mauv,295749,12.2
174,GMC,Savana 1500,1999,JA4AD3A39FZ557104,Pink,497363,6.2
175,Chrysler,Town & Country,1996,WBA3A5G55EN116276,Crimson,185772,11.8
176,Dodge,Nitro,2011,KL4CJHSBXFB099022,Blue,112317,8.3
177,Jeep,Cherokee,2001,1GKS1FFJ7BR974134,Puce,163488,6.5
178,Chevrolet,S10,1996,JN8AS5MT0CW814994,Indigo,447774,8.6
179,Dodge,Ram 2500,2000,1G6DP57V380494073,Green,309493,10.1
180,Dodge,Avenger,2012,1GYEE23A290255599,Turquoise,420278,7.9
181,Nissan,Xterra,2008,19UUA66284A478713,Purple,366123,11.0
182,Nissan,Sentra,2011,1GYFK53289R269137,Purple,404800,
183,Plymouth,Sundance,1992,JN1AZ4EH4FM773445,Crimson,288185,
184,Bentley,Azure,2010,WAULD54BX2N894277,Teal,156535,
185,Ford,E150,2004,1G6AD5S35E0258294,Crimson,497646,5.3
186,Porsche,Cayenne,2009,5NPEB4AC6EH571986,Indigo,237885,12.3
187,Jaguar,XJ Series,1993,WA1CM94L89D895845,Green,161658,4.6
188,Jaguar,X-Type,2007,3D7JV1EPXAG229984,Khaki,463946,8.7
189,Cadillac,DTS,2010,3D73Y4HL9BG867073,Khaki,241271,7.6
190,Chevrolet,Cobalt,2008,3VW1K7AJ4DM473124,Green,446240,
191,Buick,Riviera,1997,JTMHY7AJ0F4374914,Mauv,440328,9.5
192,Mazda,Millenia,1996,WBAEU334X5P482014,Maroon,182677,14.0
193,Mercedes-Benz,SLK-Class,1997,2C3CCABG7EH981455,Aquamarine,427638,9.2
194,Volkswagen,Passat,1994,WBSPM9C54BE851876,Mauv,413888,4.7
195,Chevrolet,3500,1995,WAULT64B94N037122,Maroon,125801,
196,Toyota,Matrix,2010,19UUA9F59CA334677,Maroon,257253,4.1
197,Land Rover,Discovery,2012,NM0KS6BN8AT801786,Puce,112388,5.2
198,Chevrolet,Blazer,2001,5N1AN0NW9DN968492,Khaki,297227,4.9
199,GMC,Terrain,2012,3VW4A7AT7CM115015,Aquamarine,369692,12.9
200,Kia,Sephia,2000,1G6AA5RA4F0159724,Purple,117474,13.2
201,Chevrolet,Suburban 1500,2001,WAUPL68EX5A490342,Red,255884,9.2
202,Nissan,Pathfinder,2012,1FT7W2A60EE107990,Teal,218469,6.7
203,Honda,Accord,2010,1G6YX36D385015734,Khaki,182923,4.2
204,Ford,Mustang,1990,WBA5A5C55FD084452,Yellow,451099,
205,Saab,900,1989,1FTWX3A5XAE170577,Khaki,411522,4.2
206,Kia,Sephia,1999,3D73M4HL0BG140660,Khaki,406035,5.9
207,Volkswagen,Touareg,2004,5J8TB18258A799218,Maroon,222906,
208,Plymouth,Laser,1990,WAULT58E02A246011,Mauv,481738,7.0
209,Ford,Escape,2000,KNDPB3A23B7575245,Blue,395662,8.0
210,Volvo,S80,2012,2G4WB55KX31379170,Crimson,314056,11.5
211,Lamborghini,Gallardo,2012,2G4WS55J931611135,Indigo,227368,4.2
212,Cadillac,Eldorado,2000,1G6AM5S3XE0910035,Maroon,341270,
213,Lexus,CT,2011,WP0AB2A93FS602055,Mauv,203709,5.7
214,Ford,F150,2010,1FTMF1E82AK733562,Indigo,225720,5.3
215,Chevrolet,Express 2500,1999,1GTG5AEA6F1434790,Green,295879,9.7
216,Mazda,Navajo,1992,JN1CV6AP7CM866548,Aquamarine,474291,14.6
217,Chevrolet,S10 Blazer,1993,WAUDT74F05N503079,Puce,371322,
218,GMC,Yukon XL 2500,2000,1FTEW1C83AF176435,Blue,123928,6.6
219,Mazda,Mazda6,2006,1GTC5LF90C8577932,Turquoise,357860,
220,Buick,Rainier,2007,1G6DP57V980984131,Orange,463238,6.8
221,Nissan,Murano,2005,5FNRL5H2XBB816378,Indigo,365681,14.7
222,Toyota,Land Cruiser,2010,WBXPC9C41AW211718,Indigo,307975,11.9
223,Volvo,XC70,2003,4T1BF3EK1BU003127,Yellow,472276,10.9
224,Toyota,Tacoma Xtra,2004,WBAEA53568C178820,Blue,476901,8.8
225,Lincoln,Mark VIII,1998,WBAEV53454K091311,Pink,415341,
226,Lincoln,Continental,2001,1FMCU9C70AK160067,Aquamarine,418537,12.7
227,Chevrolet,Colorado,2011,JTEBU5JR5A5037875,Orange,232847,9.1
228,Pontiac,1000,1985,1G4GA5EC5BF210276,Green,168725,
229,Chevrolet,G-Series 3500,1998,3GYFNCEY5BS058767,Green,310094,8.8
230,MINI,Clubman,2010,JH4NA12623T418670,Orange,439507,13.3
231,Toyota,Camry,2004,WBAEH13597C305899,Violet,485289,9.8
232,Mazda,RX-7,1983,WA1AY74L97D148087,Fuscia,242671,10.2
233,Ferrari,458 Italia,2012,YV1672MKXC2694924,Yellow,169159,4.4
234,Kia,Rio,2004,WAULK98K09A453377,Blue,429012,4.1
235,Toyota,Camry,1999,2C3CCARG4FH226500,Fuscia,353354,11.2
236,Mercedes-Benz,E-Class,1990,1GD11ZCG3CF413669,Khaki,334702,14.8
237,Volkswagen,Routan,2012,1N6AA0CC3CN026491,Aquamarine,262954,10.1
238,Buick,Enclave,2010,WAUFEBFM0CA049647,Green,246583,
239,Buick,Rendezvous,2006,2C3CCAGG1EH504173,Blue,146371,12.8
240,Infiniti,QX,2012,SALFP2BN2AH128178,Crimson,249887,9.8
241,Honda,S2000,2002,1GD01ZCG9DF096686,Turquoise,314254,6.8
242,Ford,Laser,1984,SCBCP73W99C825096,Aquamarine,424629,7.7
243,Pontiac,Bonneville,1996,1GD01ZCG5EF187987,Teal,345061,13.7
244,Chevrolet,Vega,1971,WA1LKAFP1AA085339,Indigo,227136,
245,Porsche,911,2012,WBABN53471J153618,Fuscia,103697,11.8
246,Audi,90,1991,JTEBC3EH8D2834278,Maroon,239331,
247,Eagle,Summit,1993,WAUAFAFL2AA806764,Fuscia,339502,14.1
248,Dodge,Stratus,2006,WAUJT64BX4N582432,Green,188263,
249,Dodge,Nitro,2007,4F2CY0C78BK834054,Maroon,129286,12.2
250,Volvo,C70,2002,WAUEH94F58N567110,Yellow,374828,
251,Chevrolet,Express,2006,KMHDB8AE8BU785802,Blue,162303,
252,Infiniti,M,2009,3C3CFFBRXDT528555,Maroon,296281,10.3
253,Dodge,Grand Caravan,2009,WA1CGBFE3BD339574,Teal,328616,11.5
254,Alfa Romeo,164,1995,WAUKFAFL4EA566823,Violet,461444,8.0
255,Suzuki,SJ 410,1986,5N1AA0ND2EN552540,Crimson,490862,13.5
256,Dodge,Avenger,1995,WAUVC58E12A460269,Maroon,318955,8.4
257,Chevrolet,Avalanche,2009,WA1C8AFP8EA920681,Maroon,238160,14.1
258,Studebaker,Avanti,1964,1G6AE5SX6D0894429,Pink,143554,12.0
259,Mitsubishi,Raider,2008,JN8AF5MR1DT011526,Pink,325343,7.7
260,Volkswagen,Cabriolet,1985,3FAHP0KC4AR548869,Goldenrod,146825,13.2
261,Mitsubishi,Galant,2004,5FPYK1F26BB803676,Indigo,278461,8.5
262,GMC,Acadia,2010,JN1CV6APXDM206036,Green,256250,6.8
263,Audi,S6,2011,3C3CFFDR1ET314777,Aquamarine,223346,9.7
264,Chevrolet,Avalanche 2500,2004,WBAUN1C56DV584796,Green,469063,8.7
265,Subaru,Impreza,1996,WAULV94EX8N197747,Khaki,297390,8.9
266,Mitsubishi,Galant,1986,1GD12ZCG0CF069036,Orange,402492,11.0
267,Geo,Prizm,1997,3N1AB6AP3CL402196,Indigo,400718,11.7
268,Plymouth,Prowler,1999,1G4PP5SK1C4231987,Fuscia,175036,4.3
269,Oldsmobile,Silhouette,2000,JTHFE2C28F2489733,Aquamarine,348647,11.1
270,GMC,Savana 3500,2011,KM8NU4CC7CU906632,Fuscia,176896,12.3
271,Mercedes-Benz,W126,1983,SCBFU7ZA2FC498604,Mauv,201011,13.2
272,Mercury,Grand Marquis,2002,WBA5M0C52ED959477,Purple,485432,
273,Chevrolet,Aveo,2008,WAUPEAFM1AA487959,Teal,431415,13.6
274,Jeep,Liberty,2010,WVWED7AJXCW182625,Maroon,318221,
275,Lexus,SC,1998,WAULV94E29N650051,Goldenrod,203559,11.6
276,Land Rover,Discovery,2006,WDBWK5EA6BF921527,Goldenrod,144900,7.0
277,Lincoln,Town Car,2004,4T1BD1FK0EU636778,Maroon,236576,6.6
278,Mazda,B-Series,2008,WAUDG74F96N760764,Crimson,133925,10.5
279,Buick,Rainier,2007,WAULH54B81N862706,Puce,104016,10.7
280,Mitsubishi,Pajero,1997,WBABN53413P866787,Maroon,437410,6.1
281,Saab,9000,1992,5N1BA0ND3FN766099,Crimson,117347,14.1
282,Chevrolet,Express 2500,2010,2G4WY55J821829435,Maroon,226721,10.2
283,Chevrolet,Venture,1999,WAUJC58E35A413134,Khaki,215824,10.2
284,Toyota,Cressida,1992,WAUGL78E68A759012,Turquoise,119481,8.9
285,Acura,RL,2003,1G6KD57Y19U672115,Green,451048,7.6
286,Kia,Sportage,2007,1N4AA5AP4DC311385,Turquoise,215075,8.6
287,Rolls-Royce,Phantom,2005,WAUDG74F89N094677,Goldenrod,230317,4.7
288,Honda,CR-V,2002,JN1AV7AR8FM305567,Blue,293228,9.8
289,Mazda,Miata MX-5,2007,SCBDC47L87C739774,Yellow,361746,11.3
290,Ford,Expedition EL,2008,WBAUU3C55AA307073,Purple,316039,
291,Buick,Verano,2012,SALVP2BG9FH701470,Blue,214933,12.6
292,Dodge,Ram Van B150,1994,1G6AC5SXXE0087273,Purple,396402,12.0
293,Pontiac,LeMans,1968,2G4WB52K321418538,Teal,175603,7.9
294,Nissan,Sentra,2000,WAUCFAFH2CN722119,Indigo,341951,14.7
295,Geo,Storm,1992,1YVHZ8BA4A5372601,Violet,465863,9.9
296,Honda,CR-V,2004,KNDJN2A27F7169479,Green,367474,10.2
297,Subaru,Outback,2000,WAUEH98E86A515248,Aquamarine,406519,6.1
298,Volvo,V50,2008,JTHBP5C26A5101903,Mauv,324543,7.5
299,Ford,F350,2010,WAUDF58E65A494506,Purple,457008,4.1
300,Mazda,Miata MX-5,2006,WBA6B4C55FD631358,Mauv,156321,6.0
301,Ford,Explorer Sport Trac,2009,1G6D05EG8A0753803,Indigo,121997,7.2
302,Cadillac,Escalade EXT,2007,1G4CW54K214642441,Khaki,339320,6.3
303,Chevrolet,Avalanche 2500,2002,WBSDX9C55CE248088,Purple,233776,11.9
304,Nissan,Versa,2012,WAUCFAFR8EA757573,Blue,371944,
305,Ford,Mustang,1997,JTEBU5JR0C5831587,Khaki,373132,
306,Chevrolet,Traverse,2012,5N1AT2ML2EC255925,Indigo,410745,
307,Ford,Expedition EL,2011,WBABS33442J563792,Crimson,108164,
308,Subaru,Outback,2012,3D4PH6FV8AT880515,Goldenrod,474597,8.9
309,Land Rover,Discovery Series II,2000,2HKRM3H50FH146293,Fuscia,252898,9.7
310,Oldsmobile,Ciera,1992,WAUGFAFC8FN277444,Khaki,420062,
311,Audi,A5,2011,1G6DG5EY5B0218787,Fuscia,354925,8.5
312,Infiniti,G,2004,1C4RJEAGXFC850576,Fuscia,286383,
313,Mazda,626,1984,WA1BV94L97D219975,Goldenrod,204515,9.8
314,Chevrolet,Corvette,2005,WBSPM93599E024983,Purple,335890,8.9
315,Suzuki,Samurai,1992,2G4GT5GV2C9849072,Indigo,159862,
316,Dodge,Ram 3500,2000,WAUBFAFL7BN867848,Orange,411853,4.9
317,Cadillac,Escalade EXT,2003,SALSF2D40AA367758,Indigo,188460,4.6
318,Mazda,Protege,2001,5FRYD4H4XGB149080,Red,189072,8.9
319,Infiniti,QX,2003,SCFAD01A98G398409,Blue,254164,
320,Volkswagen,Jetta,1985,5TDBM5G13AS172076,Maroon,210012,9.5
321,Dodge,Avenger,2010,WP0AB2A83CU677393,Violet,333242,8.3
322,Dodge,Ram 1500,2000,SCFBF03B47G479661,Crimson,194301,7.0
323,Cadillac,Seville,1998,1G6AZ5S3XF0092812,Indigo,351059,6.5
324,Audi,Quattro,1993,WAUDT94F25N378744,Pink,398816,4.7
325,Chevrolet,Malibu,2011,1C4RDHEG3DC241586,Teal,343239,12.6
326,Lincoln,MKS,2010,JH4DC53005S587554,Yellow,201329,7.5
327,Chevrolet,Malibu,2008,YV126MFC9F2722929,Puce,306694,14.3
328,Cadillac,Catera,1999,5N1AN0NU2AC391214,Violet,109386,11.4
329,Buick,Park Avenue,1995,1FTWX3D57AE754379,Khaki,313569,9.8
330,Hummer,H2 SUT,2006,5J8TB4H36GL786345,Puce,384071,11.3
331,Hyundai,Sonata,2004,WAUKF78E67A983672,Mauv,343844,12.8
332,Ford,F350,1994,3GTU2YEJ2CG868013,Turquoise,173591,8.6
333,Volkswagen,Rabbit,2008,1G6DC8EYXB0117922,Yellow,375062,
334,Volkswagen,Jetta,2007,1G6KF54904U600161,Fuscia,143700,7.1
335,Oldsmobile,Ciera,1992,WAUR2AFD7EN607649,Goldenrod,454625,9.8
336,Audi,A8,2003,KMHTC6AD0EU411063,Pink,379895,12.9
337,Pontiac,Grand Am,1989,3N1BC1CP3CK499939,Violet,405092,12.4
338,Mazda,MX-6,1993,1FTEW1C88AF074757,Puce,273568,4.5
339,Pontiac,Parisienne,1984,19UYA426X2A771234,Fuscia,395286,9.6
340,Ford,F-Series,2002,SALVN2BG1FH208937,Indigo,325085,
341,Mercedes-Benz,G-Class,2004,5TDBK3EHXDS921860,Pink,460038,11.9
342,Dodge,Ram Van 3500,1996,WAUDG78E06A995059,Mauv,190945,13.8
343,Mitsubishi,Expo,1992,TRUTX28N411243073,Turquoise,484068,10.6
344,Cadillac,Seville,2003,SAJWA2GT5EM317941,Pink,423018,10.4
345,Isuzu,Amigo,1999,1FTWX3B54AE549203,Aquamarine,423613,11.0
346,Ford,Mustang,2003,WBAAZ33403P031722,Pink,157956,
347,Mazda,626,1987,1FTEW1CM3EK236952,Violet,423237,13.3
348,Mazda,Mazda5,2006,WVGAV7AX0CW267808,Crimson,442608,11.5
349,Mazda,MX-5,2002,YV1902FH3B2942948,Maroon,253828,5.2
350,Lincoln,Town Car,2000,W04GN5EC4B1566900,Goldenrod,192090,
351,Ford,Fusion,2013,WA1CGAFE4ED075554,Indigo,287682,
352,Mitsubishi,Outlander,2008,5FRYD3H62FB640933,Orange,173177,8.5
353,Mitsubishi,Montero,2006,5N1AL0MM2FC642506,Blue,210003,
354,Mercedes-Benz,C-Class,2000,SAJWA4EC0CM855457,Maroon,199594,12.2
355,Cadillac,Brougham,1992,3VW507AT1FM663295,Teal,107205,7.7
356,Mitsubishi,Outlander,2009,WBANV93599C671713,Mauv,116667,12.3
357,Kia,Sedona,2012,1N4AL3AP7EC558822,Violet,130094,12.0
358,Land Rover,Range Rover Classic,1993,JHMZE2H3XES170556,Red,187934,11.1
359,Acura,Vigor,1994,WBANV1C59AB735986,Teal,446463,12.8
360,Dodge,Colt,1993,WBAEN33402E851340,Goldenrod,169289,12.2
361,Mazda,RX-7,1991,WBANN73526C982321,Green,492503,12.7
362,Mercedes-Benz,E-Class,2006,JTDZN3EU3EJ832231,Mauv,296593,8.1
363,Dodge,Grand Caravan,2001,5GADX33L36D260206,Violet,173560,12.0
364,Lexus,ES,2005,WAULD64B92N322042,Aquamarine,309406,5.4
365,Nissan,NV3500,2012,JH4DC44641S933824,Indigo,234412,12.5
366,Mercury,Sable,1994,WVWED7AJ4BW737776,Fuscia,212092,7.1
367,Bentley,Continental Flying Spur,2010,WAU4GBFB5AN301639,Maroon,267164,14.4
368,Chrysler,Voyager,2000,3N1CN7AP2FL576061,Crimson,274358,8.5
369,Mitsubishi,Truck,1995,WAUKG78E96A980826,Violet,443556,9.1
370,Lexus,LS,2007,JM3TB2CA7D0453746,Indigo,139704,13.0
371,Mazda,MX-3,1994,WAUPEAFM5CA834616,Teal,305510,4.7
372,Audi,A5,2012,WAUET48H85K728334,Purple,347267,9.0
373,Chevrolet,1500,1997,5UXZV4C55BL547403,Khaki,439921,6.8
374,Ford,Thunderbird,1980,1G4CW54KX44838731,Yellow,352341,6.8
375,Toyota,Camry Solara,2008,WA1LMAFE4CD283052,Purple,107208,4.4
376,Pontiac,G6,2006,1GYFK33239R974612,Khaki,184015,7.0
377,Buick,Roadmaster,1994,SCFEBBCF7CG485570,Indigo,483054,6.4
378,Audi,S4,2013,3VWJP7AT8CM320571,Crimson,498086,14.9
379,Ford,F350,1994,WAUVC58E25A947677,Puce,266182,8.6
380,Cadillac,DeVille,1997,3D4PH9FG8BT672591,Teal,461835,8.7
381,Dodge,Journey,2010,1FBNE3BLXCD693318,Maroon,180242,
382,Mazda,MX-3,1994,JTDBT4K34B1580736,Khaki,322238,10.6
383,Toyota,RAV4,2010,1G6DD67V190784733,Teal,335228,10.6
384,BMW,X3,2011,5N1AR1NB9BC370158,Purple,169413,
385,Chevrolet,Suburban 1500,1992,19XFA1E34AE923543,Crimson,198406,12.9
386,Mercury,Cougar,1984,SCFFBCBD5BG101438,Green,137525,6.5
387,Land Rover,Discovery Series II,2002,WBXPA73435W479511,Aquamarine,434702,5.0
388,Studebaker,Avanti,1964,JTJBC1BA0B2122681,Red,330113,6.6
389,Chevrolet,Vega,1971,WBAKC8C59AC228033,Aquamarine,184478,
390,Land Rover,Range Rover,1991,5FRYD3H83EB617709,Yellow,164777,
391,Subaru,Legacy,1997,3VW1K7AJ2DM008728,Crimson,272883,14.8
392,Chevrolet,Suburban 1500,2001,1VWAS7A32FC938487,Aquamarine,262864,4.8
393,Lincoln,Blackwood,2002,2G4WB52K711296698,Green,479649,11.2
394,Toyota,Celica,2003,1G6DC8E55C0706481,Purple,332374,5.1
395,Nissan,Quest,1993,5N1AR1NBXCC048064,Teal,351783,6.5
396,Oldsmobile,98,1993,1HGCP2F37CA794601,Aquamarine,402911,13.1
397,Ford,Windstar,2003,1GYS3HEF2ER342462,Mauv,282414,11.4
398,Lincoln,Navigator L,2007,19XFB4F30EE984214,Violet,386144,
399,Aston Martin,Rapide,2010,JN1CV6FE6AM930289,Mauv,159571,7.1
400,Lamborghini,Diablo,2001,JH4CL95997C636679,Aquamarine,396249,
401,BMW,3 Series,2012,1G4HE57Y16U287164,Fuscia,234797,7.7
402,Dodge,Ram 2500,1994,1GTN1TEX1DZ823614,Yellow,420404,8.9
403,BMW,5 Series,1994,5UXFG43599L338009,Khaki,117323,13.0
404,Ford,Taurus,1989,WA1LGAFE2DD400670,Khaki,248185,5.0
405,Suzuki,Esteem,1996,JN8AE2KP2F9206117,Crimson,169744,4.0
406,Mercury,Sable,1996,WBSVA93568E468143,Teal,220298,13.8
407,Chevrolet,Suburban,2009,1FTEX1CM9BK045965,Red,220717,12.0
408,Suzuki,XL-7,2008,WA1WGAFP7EA991628,Teal,291914,6.2
409,Suzuki,Sidekick,1993,1GYS4BEF9CR148146,Pink,436299,11.9
410,Toyota,RAV4,2011,WAUA2AFD7EN753997,Khaki,378758,
411,Acura,RDX,2011,WA1CFAFP0DA628754,Fuscia,485437,4.6
412,Kia,Spectra5,2006,2G4GN5EX0E9060954,Maroon,489061,8.1
413,Mercedes-Benz,CL-Class,2001,5NPDH4AE8BH716551,Mauv,269294,9.4
414,Jeep,Cherokee,1999,1G4GF5E34DF178411,Goldenrod,367860,
415,Saab,900,1991,1FTNX2A51AE866010,Blue,471650,
416,Chevrolet,Silverado 1500,2006,WBAEK13456C461848,Goldenrod,391992,14.3
417,GMC,1500 Club Coupe,1995,WAUHGBFC7CN621123,Puce,105770,14.8
418,Lincoln,Town Car,1986,KNDPB3A28B7327315,Violet,126179,9.2
419,Plymouth,Sundance,1994,WAUFFAFL6EA793741,Khaki,138120,6.3
420,Mercedes-Benz,600SEL,1992,WDDUG7JB0EA395553,Khaki,189923,
421,Maybach,57,2004,WA1LFAFPXCA922290,Puce,437388,8.8
422,Mercedes-Benz,E-Class,2002,1G6KD57Y97U229286,Puce,244892,9.5
423,Ford,Explorer,2002,5N1AA0NEXFN166216,Blue,408116,7.6
424,Cadillac,Seville,1992,1D4RE2GG7BC208470,Green,363780,11.1
425,Mercedes-Benz,CL-Class,2004,KMHFC4DF9BA859233,Puce,276700,10.4
426,Mazda,Mazda6,2012,WVGAV3AX8EW136931,Khaki,336432,4.0
427,Toyota,Camry Hybrid,2012,WAUKF78E86A640263,Crimson,237658,5.7
428,Buick,Rainier,2007,WBADN53403G208483,Goldenrod,320074,5.0
429,Dodge,Ram 2500,2004,5J8TB3H57DL391145,Fuscia,275271,6.8
430,Mitsubishi,Galant,1991,3N6CM0KN3DK250872,Crimson,204324,5.9
431,Hummer,H2 SUT,2006,1D7CE5GK5AS931348,Khaki,231133,9.7
432,Toyota,Celica,1978,YV1672MK0B2827477,Teal,174903,
433,Mazda,Protege,1994,1FTSW2B57AE096562,Fuscia,225050,11.0
434,Ford,Econoline E150,1999,1GYEC63T92R874104,Yellow,208324,8.0
435,Mazda,Navajo,1991,1N4AL2AP1CN062877,Indigo,477943,8.0
436,Suzuki,SX4,2010,WAUVT58E45A287996,Goldenrod,148723,
437,GMC,Savana 3500,2001,JTDJTUD33ED768188,Red,122435,7.8
438,Kia,Optima,2008,WVWAP7AN2EE721305,Orange,397982,9.4
439,Mitsubishi,Montero Sport,2002,WUARL48HX4K931439,Goldenrod,206661,8.9
440,Lexus,RX Hybrid,2010,KMHDB8AEXAU131642,Teal,272690,13.6
441,Chevrolet,Equinox,2008,5NPEB4AC4BH278244,Green,226318,14.7
442,Toyota,Tacoma Xtra,1995,WAUBH74F66N058552,Goldenrod,251887,5.3
443,Pontiac,Daewoo Kalos,2005,1FTEX1C8XAK644164,Teal,426881,11.2
444,Dodge,Ram 2500,2004,3N1CE2CP1FL341487,Indigo,143180,
445,Mercedes-Benz,S-Class,1984,WUADU78E58N233131,Turquoise,399919,7.9
446,Chevrolet,Aveo,2009,WAUVC68E94A655674,Violet,175635,10.4
447,Mitsubishi,RVR,1992,WAUAF98E87A113719,Red,184555,5.6
448,Ford,Crown Victoria,2008,1B3CB3HA9AD713268,Crimson,143439,14.8
449,BMW,3 Series,2006,WDDEJ9EB0EA749793,Red,403136,5.2
450,Mercury,Capri,1986,1FT7W2A66EE460119,Maroon,116849,12.2
451,Dodge,D350 Club,1993,1G4GD5EG9AF797462,Turquoise,390567,4.7
452,Ford,Ranger,1986,WAUUL78E56A032105,Maroon,305470,12.5
453,Kia,Amanti,2008,2C3CDXBG2DH050473,Maroon,340284,8.1
454,Chrysler,Fifth Ave,1992,WBA3G7C55FK093651,Red,291685,4.4
455,Isuzu,Rodeo,1997,3GTU2YEJ6BG375899,Purple,203308,9.7
456,Mitsubishi,Montero,2002,WAULT68E42A013948,Turquoise,287973,14.8
457,Chevrolet,3500,1995,KNAFU6A20B5445987,Mauv,381244,14.6
458,Toyota,Matrix,2012,WAUEFAFL1EA770735,Orange,204342,12.9
459,Volkswagen,Golf,1990,4A4AP3AU3FE286949,Khaki,489840,8.8
460,Ford,Probe,1991,WA1CFAFP9DA150222,Crimson,277845,11.1
461,Pontiac,Sunfire,1998,WBAEH13416C786771,Maroon,328552,6.4
462,Suzuki,SJ,1992,JTDKDTB32C1997796,Crimson,338543,11.3
463,Nissan,Versa,2007,1GYEC63N35R826989,Mauv,499736,11.8
464,Lexus,ES,1991,JTDKN3DU8B0521043,Yellow,233036,
465,Chevrolet,Corvette,1964,WAURFAFR7CA386252,Aquamarine,408115,4.8
466,Chevrolet,Corvette,2003,JH4DC54813S130625,Aquamarine,389154,
467,Ferrari,612 Scaglietti,2006,SALFR2BG3FH627512,Teal,132962,5.7
468,Mitsubishi,Montero Sport,2004,SAJWA2GZ0E8434548,Khaki,483915,12.6
469,Dodge,D150 Club,1992,5TDBM5G10BS193260,Green,472011,10.2
470,Audi,S8,2007,JH4CU4F41AC835705,Violet,444326,4.5
471,Chevrolet,3500,1994,WAUEFBFL3EA211340,Yellow,180337,
472,Lincoln,LS,2004,3N1AB6AP7AL339908,Indigo,384144,10.7
473,Mitsubishi,Eclipse,2003,1G4GC5G36FF030995,Goldenrod,129943,
474,Mercedes-Benz,M-Class,2003,2LMDJ6JC2AB621234,Puce,106773,14.7
475,Land Rover,Range Rover Sport,2007,JHMGE8G39CC267492,Pink,266584,10.3
476,Ford,LTD Crown Victoria,1991,5GAKVCKD1EJ268800,Aquamarine,453748,4.9
477,Chevrolet,Silverado,2001,2C4JRGAG2DR750462,Indigo,204111,8.1
478,Lamborghini,Gallardo,2004,JH4DC53894S916630,Crimson,279586,5.1
479,Chevrolet,Traverse,2010,3N1AB6AP6BL405902,Puce,376273,4.1
480,Isuzu,Space,1992,1N6AA0CA8EN037472,Orange,162613,13.0
481,GMC,Sierra 2500,2012,3C4PDDBG8ET558970,Fuscia,144179,12.9
482,Chevrolet,Avalanche 1500,2004,1G6AB1RX6F0586171,Fuscia,329883,13.4
483,Lexus,GS,1998,WAUAH68D11A939366,Goldenrod,398949,6.1
484,Chevrolet,Corsica,1993,1GTN1UEH2FZ517314,Orange,461613,
485,Ford,Mustang,2001,SCBZK25E63C464174,Orange,423585,9.2
486,BMW,7 Series,2002,JTJBM7FX6B5638587,Yellow,206244,6.5
487,Cadillac,Escalade,2012,1C4RDHDG1DC620667,Yellow,141365,7.7
488,BMW,3 Series,2002,1C4SDJCT5DC090548,Pink,314138,
489,Dodge,Stratus,1998,2HNYD18602H518995,Fuscia,300127,12.2
490,Chrysler,Concorde,1996,WAUZL54BX1N180855,Goldenrod,175988,6.6
491,Cadillac,CTS,2006,1GT3C0BG8AF286774,Green,415416,5.8
492,Volkswagen,New Beetle,2012,4JGDF2EEXEA631917,Puce,270385,
493,Audi,100,1990,JN1CV6FEXAM863311,Teal,396829,12.4
494,Buick,Century,2003,5J8TB4H56EL018170,Purple,101372,
495,GMC,Jimmy,1994,WBAEV53442K001479,Violet,177309,
496,Dodge,Spirit,1994,5NPET4AC5AH937587,Violet,352114,6.7
497,Buick,Century,1995,WBAEA53539C465811,Mauv,333635,12.1
498,Ford,F250,2005,WBAGL83535D124935,Indigo,202992,
499,Lincoln,MKS,2009,3C6TD4MT2CG944628,Purple,265652,11.0
500,BMW,X6,2010,1G6DW67V980792992,Pink,255535,4.0
501,Toyota,Camry,1997,WAUKG58E15A833032,Fuscia,208706,
502,Jaguar,XJ,2011,KMHCM3AC3BU083457,Blue,178704,13.2
503,Mitsubishi,Mirage,1988,WUARL48H66K884221,Turquoise,373517,11.8
504,Toyota,Avalon,2012,1GYFC33299R151549,Maroon,131839,
505,Mercury,Milan,2008,WAUGGAFC4DN102764,Fuscia,159065,6.0
506,Mercedes-Benz,M-Class,2008,1B3CB2HA9AD484939,Violet,336796,
507,Saab,9-5,2005,3GYFNKE65BS382679,Red,467833,
508,Ford,F350,2006,JTHBE1BL9FA150603,Goldenrod,338083,8.1
509,Chevrolet,G-Series G10,1992,JN8AZ2ND5F9589203,Khaki,463191,6.3
510,Chevrolet,Tahoe,2011,KNAGM4A72B5728265,Indigo,437342,10.0
511,Ford,Edge,2007,WBANU5C54AC160152,Turquoise,480241,5.0
512,Toyota,Corolla,2006,WBABN33442J548376,Mauv,121124,7.7
513,GMC,Sierra 3500,2001,WAUHFAFL5BA889526,Green,344309,4.6
514,Chevrolet,Aveo,2011,JM1CW2BL0C0237249,Violet,247965,14.0
515,Acura,CL,2002,1GYUKAEF2AR170740,Orange,362262,9.7
516,Mercury,Topaz,1987,1FTMF1C87AK204899,Blue,426635,14.7
517,Dodge,Caravan,1992,2T2BC1BA1FC982921,Mauv,240608,6.7
518,Nissan,GT-R,2011,5NPDH4AE2FH483434,Puce,360010,10.8
519,Mitsubishi,GTO,1993,WA1YD54B03N684436,Blue,291124,9.9
520,Toyota,Sienna,1999,5FPYK1F29AB579883,Fuscia,454749,
521,Saab,9-3,2008,3FADP4AJ4DM350557,Khaki,330191,8.1
522,Mazda,MX-5,1996,WBANV93508C580540,Fuscia,116049,11.5
523,Lotus,Exige,2012,WBAPK7G53BN590121,Indigo,475312,9.1
524,Volkswagen,Golf,1990,5J8TB2H24AA157486,Aquamarine,215747,4.6
525,Mercury,Milan,2009,WAUMF98K69A519570,Blue,429728,12.8
526,Audi,A6,2010,WBAXG5C5XCD921330,Orange,271933,
527,Porsche,Boxster,2005,1N6AA0CC0AN337289,Fuscia,495363,11.6
528,Pontiac,LeMans,1964,WAUKH94F26N596726,Khaki,195807,
529,Honda,CR-X,1984,JTHBB1BA0C2888092,Violet,388385,
530,Mercedes-Benz,CL-Class,2008,WBSBR93402P997277,Violet,318655,9.8
531,Land Rover,Discovery,2001,WAUNF98P28A630647,Blue,111602,
532,Chevrolet,Cruze,2013,SALAB2D48DA241210,Mauv,350851,5.5
533,Porsche,911,2006,WBANN73507C975997,Crimson,483050,10.9
534,Dodge,Stratus,2001,JM1BL1L36D1751101,Green,138892,12.2
535,Jeep,Grand Cherokee,2011,JA32X2HU6BU534850,Red,379233,4.0
536,Buick,Park Avenue,2005,JN1BJ0HPXFM530035,Fuscia,414449,9.7
537,Toyota,Celica,1993,1GKS2GEJ9BR539636,Pink,417337,8.1
538,Cadillac,DeVille,1996,WBA3T7C58F5301290,Khaki,131532,6.4
539,CitroÃ«n,CX,1989,SAJWA4EC6BM184813,Yellow,395612,14.5
540,Maserati,Quattroporte,1985,1FTWX3B54AE561657,Red,288418,6.2
541,Jaguar,X-Type,2003,WBAEW53424P446886,Pink,311252,6.9
542,Jeep,Wrangler,1997,2C3CDXGJ9DH421911,Yellow,155796,
543,Chevrolet,Express 1500,2012,1GKKRNED4FJ953034,Khaki,146277,
544,Kia,Rio,2010,5LMJJ3J57CE886752,Khaki,152515,9.3
545,Mazda,Protege5,2003,3VWF17AT2FM234393,Violet,119683,14.3
546,Saab,9000,1996,JH4CU2F64DC867140,Goldenrod,381806,13.6
547,GMC,Savana,2012,2G4GS5EV2C9576785,Turquoise,221530,8.0
548,Volkswagen,Jetta,2000,W04GZ5GV6B1401854,Mauv,128094,4.2
549,Chevrolet,Corvette,1969,SAJWA0EX5E8102966,Aquamarine,162792,10.6
550,Ford,Thunderbird,2004,2G4WC552461112236,Maroon,285877,5.3
551,Ram,1500,2011,WAUEF98E48A399216,Maroon,210290,13.1
552,Ford,F150,2010,WBA3A5C50DF216655,Fuscia,307505,8.6
553,Nissan,Altima,2004,3D4PG9FV4AT747366,Goldenrod,117936,12.4
554,Infiniti,QX,2006,1G6DN57S750788518,Yellow,426965,9.9
555,Infiniti,Q,2004,3C4PDCEG1DT530545,Teal,385412,13.2
556,Subaru,Outback Sport,2002,WAUDFAFL9FN197833,Pink,436787,
557,Buick,LeSabre,1991,WAUJC68E94A595698,Aquamarine,300066,
558,Mitsubishi,Truck,1987,WBA1F5C59FV463514,Violet,499812,11.0
559,Cadillac,Escalade ESV,2006,WA1AGBFE4CD249259,Mauv,289436,
560,Lincoln,Mark LT,2006,2G4WY55J011603341,Mauv,210451,12.7
561,Nissan,Xterra,2004,JM3TB2BA3F0223142,Green,257265,15.0
562,Pontiac,Bonneville,1984,2D4RN4DE5AR259227,Maroon,435375,9.4
563,Volvo,S40,2007,5GAKVBEDXBJ975959,Orange,479234,14.1
564,Chevrolet,1500,1993,4T1BD1FK5FU321914,Yellow,499033,8.4
565,Ford,Aspire,1994,YV1902FH4D2963326,Purple,391186,4.1
566,Dodge,Dakota,1992,WA1VMBFE8AD766426,Mauv,432525,11.3
567,Volkswagen,Jetta III,1993,5YMGY0C53D0718122,Pink,287381,7.6
568,GMC,Yukon,2004,4A4JM2AS5BE683509,Puce,442000,9.9
569,Infiniti,Q,2000,WAUNF78P86A630170,Blue,119342,5.7
570,Ferrari,599 GTB Fiorano,2010,1G6DK5EV4A0899673,Aquamarine,410228,14.9
571,Audi,4000s Quattro,1986,5GADV23L25D308938,Red,242400,8.0
572,Saab,9000,1996,WBAGL63565D042704,Mauv,497746,9.0
573,Ford,Tempo,1994,3C4PDDEG6FT844751,Aquamarine,273983,
574,Toyota,Sienna,2012,JN8AZ1MU3AW273885,Puce,354320,
575,Cadillac,DeVille,2005,WAUEF78E47A074620,Violet,253094,
576,Mercury,Sable,1996,WDCYC3HFXAX260817,Blue,434214,4.8
577,BMW,M5,2006,WBA5B1C59FG388565,Pink,131619,9.8
578,Mercury,Grand Marquis,1998,WBA6B4C54ED449343,Orange,218152,8.2
579,Jaguar,S-Type,2008,4T1BF3EK6AU737759,Puce,304830,15.0
580,Audi,Allroad,2002,1N6AF0KXXEN368593,Indigo,339678,4.2
581,Volkswagen,Routan,2009,1B3CB3HA1BD788063,Orange,347947,9.1
582,Dodge,Dakota,2001,5GAER23708J104107,Blue,352786,11.1
583,Honda,Accord,1985,1N6AA0EC6FN276583,Fuscia,225933,10.3
584,Scion,tC,2012,1G6DP577X60373989,Pink,191738,5.1
585,Subaru,Outback,2004,SALFR2BG8DH844051,Crimson,287037,9.2
586,Mitsubishi,Galant,2009,1GD22XEG2FZ928877,Crimson,391589,13.8
587,Chrysler,Town & Country,1992,1FTMF1EW9AF782359,Indigo,252589,4.5
588,Hyundai,Tiburon,1998,WBA5A5C5XED454051,Turquoise,120021,13.4
589,GMC,Yukon,1992,5GAKRDKD9DJ611751,Khaki,288148,10.0
590,Toyota,Land Cruiser,1997,1N6BF0KX7FN286813,Yellow,205087,
591,Chrysler,PT Cruiser,2006,5J6TF1H54EL550822,Puce,220757,14.5
592,Volvo,S40,2005,1FTEW1CM0EF062184,Maroon,429601,
593,Maybach,Landaulet,2010,1GYS3JEF3CR562455,Pink,392823,8.8
594,Toyota,Avalon,1996,1C4RDHAG9FC225935,Red,403382,9.9
595,GMC,Savana 1500,2005,5N1AN0NW1DN882934,Aquamarine,298122,8.6
596,Mazda,B-Series,1994,WBAYA8C53FD179333,Orange,465909,
597,Audi,5000CS,1988,5N1AR1NB4BC046860,Purple,282588,12.2
598,Lexus,SC,1992,WDDHF5KB0EA210246,Orange,163972,8.6
599,Infiniti,QX,2012,3D73M4CL7AG122372,Yellow,111011,14.3
600,Dodge,Ram Van B250,1992,WBADT53401C022615,Fuscia,364926,5.3
601,Ford,Taurus,1996,SCFFDEDN9CG198964,Orange,130684,
602,Volkswagen,GTI,2008,WDDGF4HBXCA543581,Purple,330613,5.4
603,Chevrolet,SSR,2005,JN1CV6EK1CM871534,Fuscia,339796,6.4
604,Mazda,Familia,1991,5N1AR2MM2DC605186,Blue,470544,4.7
605,Chrysler,Sebring,2008,5UXWX9C54D0410175,Orange,373898,9.9
606,Ford,E350,2005,WUAUUAFG0EN077240,Yellow,179870,
607,Ford,Expedition,2007,WBAKN9C5XED795495,Aquamarine,467921,14.4
608,Geo,Storm,1993,WA1BV94L88D177848,Turquoise,244023,12.0
609,Ford,Thunderbird,2002,1D4PU6GX4BW103093,Pink,357649,6.7
610,Ford,Thunderbird,1994,JN8AF5MRXDT872008,Maroon,308342,5.9
611,Mazda,Miata MX-5,1994,YV1952AS1D1249227,Red,190325,7.0
612,Ford,Escort,1989,JN1CV6EK3AM549510,Yellow,281731,
613,Dodge,Ram Van 3500,1999,WUARL48HX6K149130,Maroon,400340,11.5
614,Mercury,Grand Marquis,2008,JH4DB76571S848467,Puce,328421,12.5
615,Chevrolet,Express 1500,1998,3G5DB03E03S134580,Blue,175481,13.2
616,Volkswagen,Jetta,1984,WDDGF4HB2EA468510,Turquoise,171422,5.7
617,Ford,Explorer,1996,JN1AZ4EH4EM144024,Yellow,417951,13.2
618,Dodge,Dakota,2002,3D73M4CL6AG791653,Red,464730,15.0
619,GMC,Savana 2500,2012,3D73M4CL8AG657209,Blue,302120,6.6
620,Kia,Optima,2010,WBY2Z2C52EV255968,Violet,391097,15.0
621,Ford,Mustang,2012,3C63DRNL3CG695574,Puce,465908,4.1
622,Mercedes-Benz,S-Class,1997,1LNHL9EK1FG807518,Mauv,337502,14.7
623,Isuzu,Ascender,2009,JN1AZ4EH7AM562538,Blue,122557,5.8
624,Toyota,Prius,2006,2FMDK3AC0AB976343,Turquoise,453314,6.3
625,Saab,9-3,2012,3GYVKMEF1AG985081,Blue,315239,9.3
626,Mercedes-Benz,E-Class,2001,WAUSH94F77N647560,Blue,385620,7.4
627,Dodge,Dakota,2005,2G4GW5EV3B9648614,Maroon,132957,13.9
628,Buick,Skyhawk,1985,1G6DS5ED3B0188958,Purple,206765,
629,Ford,Edge,2007,2C3CA7CW0AH813293,Mauv,465189,5.4
630,Volkswagen,GTI,2003,JTJBARBZ1F2450658,Blue,432708,9.2
631,Pontiac,LeMans,1964,WBAPL5G54BN718870,Pink,166183,
632,Lexus,ES,1990,1G6DS1E36C0707194,Blue,131905,
633,Toyota,Echo,2005,5NPDH4AE6CH414757,Fuscia,468980,14.2
634,Mazda,Mazda6 Sport,2006,WBABD534X5P038811,Maroon,375863,11.5
635,Nissan,Altima,1993,WAUDFAFL7DN145677,Pink,175053,
636,Dodge,Dakota Club,2004,WDDGF5EB9BR990199,Orange,340968,13.1
637,Nissan,Titan,2010,WBSBR934X4P276869,Maroon,372742,7.9
638,Dodge,Ram,2003,1N6AF0KX1EN811231,Khaki,218862,
639,Audi,TT,2011,WBANB33554B060176,Fuscia,447968,
640,Toyota,Camry Hybrid,2008,WVWAP7ANXEE544552,Aquamarine,124555,11.6
641,BMW,530,2001,1G6DG8E5XD0585615,Red,284169,12.7
642,Nissan,Quest,1997,SALVP2BG2FH816296,Goldenrod,264520,
643,Oldsmobile,Cutlass Supreme,1996,1N6AA0CA9DN713734,Orange,376897,9.6
644,Jaguar,XJ,2007,WA1CKBFP8AA099437,Pink,254926,7.2
645,Dodge,Ram Wagon B250,1993,WBA3A9G52EN522037,Orange,299052,
646,Ferrari,599 GTB Fiorano,2008,3C4PDDDG9CT313928,Puce,136193,10.3
647,Chevrolet,Camaro,2012,5GADV33L35D775694,Violet,202404,
648,Alfa Romeo,164,1993,JA32U2FU3EU189826,Maroon,107430,12.8
649,Mitsubishi,Diamante,1993,19VDE1F51FE946693,Khaki,154209,14.6
650,Nissan,Titan,2005,1G4PT5SV2E4956944,Green,192790,
651,Mitsubishi,GTO,1999,JN1CV6FE5EM481709,Violet,481111,14.2
652,Buick,Coachbuilder,1994,WBAVA33587P888961,Indigo,443409,10.6
653,Volvo,XC70,2005,WAUWMAFC2EN360349,Blue,148026,9.6
654,Ford,Mustang,1968,5J8TB4H39DL353663,Violet,397621,6.4
655,Volkswagen,Beetle,1965,3D7LT2ET5AG263655,Violet,458362,4.6
656,Ford,F350,2006,SCFEBBCF8CG647206,Khaki,229744,7.9
657,Porsche,911,2004,SCFEBBEL9DG125463,Red,228000,13.8
658,Land Rover,LR4,2010,WA1LMAFE1CD118303,Turquoise,124577,10.0
659,Plymouth,Colt,1994,1G6DP577960750862,Khaki,468695,8.4
660,Mazda,MPV,2004,WAUDH74F96N412430,Maroon,315014,
661,Mercedes-Benz,SLR McLaren,2008,WDDNG7DB5CA702311,Khaki,493274,8.6
662,Honda,S2000,2003,5J8TB4H53EL604616,Fuscia,427376,5.3
663,Mitsubishi,Mirage,2001,WBA3A9G51EN544790,Khaki,167116,12.5
664,Mazda,Miata MX-5,1996,3N1BC1CPXCK380530,Crimson,338115,14.8
665,Hyundai,Veracruz,2012,1GYFK56269R971095,Aquamarine,161017,
666,Pontiac,Firebird,1999,WBAKB0C54BC651303,Aquamarine,382108,4.5
667,Dodge,Ram Van 1500,2002,3D4PG1FG2BT011126,Puce,279275,6.8
668,Toyota,Celica,1996,WAUEF78E57A777191,Green,444937,
669,Chevrolet,Corvette,1972,JHMFA3F20AS085508,Maroon,459337,
670,Hyundai,Elantra,2001,WAUZL64B21N381722,Teal,114421,14.6
671,Audi,R8,2008,WBAYF4C50FD415981,Aquamarine,235717,7.7
672,Suzuki,Kizashi,2011,WBAWR33557P123039,Crimson,340773,4.6
673,Chevrolet,Suburban 1500,2004,JTHBC1KS6B5764248,Mauv,143903,5.1
674,Toyota,Xtra,1992,WDDGF4HB1CF297443,Violet,143891,9.4
675,Audi,RS6,2003,SCBBR53W16C627148,Fuscia,423461,9.4
676,Pontiac,Grand Am,1995,TRUVD38J891190944,Puce,305222,
677,Chevrolet,Beretta,1992,5UXXW3C52F0773288,Khaki,351785,11.0
678,GMC,Sierra,2011,JN1BJ0HP9FM531533,Mauv,132164,
679,Chevrolet,Cavalier,1998,WBXPC93547W033420,Violet,496381,5.4
680,Buick,Terraza,2005,SAJWA0EX1E8182332,Khaki,400016,4.4
681,BMW,X5,2010,WBAWR33528P056062,Goldenrod,325322,13.6
682,BMW,Z4 M,2008,SALWG2WF4EA501688,Aquamarine,167197,4.5
683,Ford,Laser,1984,WAULT68E32A298657,Puce,165008,6.5
684,GMC,Yukon XL 1500,2011,JTDKTUD35DD808497,Mauv,112151,11.4
685,Ford,E-Series,1987,5GAKVBKD2DJ730354,Fuscia,429263,7.6
686,Toyota,RAV4,2011,WAUVT68E52A519782,Blue,308224,
687,Subaru,Legacy,1999,WBAYF8C51FD240440,Maroon,101046,8.8
688,Dodge,Viper,1993,WAUNF78P17A524533,Turquoise,313426,5.4
689,Infiniti,M,2010,1D7CW2GK3AS572769,Blue,236057,6.5
690,Lincoln,Navigator L,2012,3N1CE2CP8FL522442,Pink,247051,
691,Hyundai,Azera,2010,SCFAB22312K704234,Green,409753,
692,BMW,M5,1992,1FTSX2A57AE643246,Teal,482215,
693,Acura,MDX,2010,JTDKN3DUXF0938380,Khaki,275590,4.1
694,Kia,Optima,2012,VNKKTUD3XFA152406,Puce,414381,
695,Toyota,Corolla,2004,1G4GD5ER0CF665159,Aquamarine,253946,4.4
696,Plymouth,Sundance,1992,1D4PU2GK1BW091742,Teal,489891,6.2
697,Nissan,Altima,2001,JTDZN3EU0FJ808762,Mauv,255184,6.0
698,Pontiac,Firebird,1984,WAUMV44E97N199625,Turquoise,483498,
699,Mazda,929,1988,JHMZE2H70ES289395,Green,478042,10.5
700,Maserati,Karif,1990,WDDLJ7DB9CA894339,Maroon,227117,
701,Mercury,Tracer,1998,1N6AD0CU3BC446276,Aquamarine,238148,4.7
702,Mazda,MX-5,1993,KMHTC6AD2EU544973,Maroon,201678,7.8
703,Mercedes-Benz,SLR McLaren,2008,YV1672MKXD2824573,Teal,421661,10.3
704,Suzuki,Grand Vitara,2003,JTHBL5EF5E5492026,Teal,277400,9.4
705,Mazda,B2000,1985,1G6DC1E33E0571719,Maroon,390002,
706,Mitsubishi,Starion,1988,3C63D3DL2CG114242,Turquoise,331101,12.3
707,Pontiac,Sunbird,1992,JA32U1FU5CU651150,Khaki,153778,12.0
708,Mazda,B-Series,2004,1G4HD5EM7AU301158,Teal,430862,13.7
709,Subaru,Forester,2001,4T1BD1FK7EU258670,Teal,225004,12.9
710,GMC,Sierra 1500,2005,1C4SDHCT9DC490542,Orange,221604,6.8
711,Ford,Contour,1996,3C6TD4DT3CG223704,Blue,406402,4.8
712,Ford,F-Series,2006,1N6AA0ED5FN854777,Goldenrod,182762,9.8
713,Cadillac,Escalade,2006,WA1YD54B24N570987,Turquoise,499670,
714,Mitsubishi,Lancer Evolution,2002,KL4CJASB2FB425791,Orange,388615,6.8
715,Toyota,Tercel,1992,1G4GH5G37CF784534,Aquamarine,389093,
716,GMC,Sonoma Club Coupe,1996,3D7TT2CT2BG350174,Green,482923,
717,Honda,Accord,1993,1FMCU0F77FU739754,Turquoise,433249,10.9
718,Acura,NSX,1996,1C3ADEAZXDV212002,Crimson,338557,8.7
719,Pontiac,Trans Sport,1991,5N1AN0NU3EN606528,Indigo,353283,8.8
720,Maserati,Gran Sport,2006,SAJWA4DB3DL757815,Turquoise,399915,11.2
721,Mazda,929,1987,3VW4T7ATXDM508390,Crimson,240264,7.0
722,Toyota,T100,1997,WBA3B5G56EN070549,Red,210193,13.8
723,Audi,A6,2006,2LMHJ5AR0BB667386,Indigo,177597,11.1
724,Ford,F250,1998,SCFAD02AX5G425594,Crimson,266558,10.3
725,Acura,TL,2002,1G6DA8E57C0766252,Violet,433660,6.0
726,Ford,E-Series,1992,1D4RD2GG7BC972211,Maroon,245441,4.4
727,Lamborghini,Gallardo,2007,WVGAV3AX0DW313213,Turquoise,460034,7.4
728,Volkswagen,Scirocco,1984,WAUCFAFC2EN476678,Blue,222287,12.6
729,GMC,Yukon XL 1500,2006,19UYA42593A043848,Fuscia,179478,
730,Mercedes-Benz,CLK-Class,2004,WAUML64B62N328422,Mauv,421476,
731,Saab,9-5,2004,1GYS4HKJ9FR909208,Teal,115510,
732,Chevrolet,G-Series G30,1993,1FTEW1CF1FK356946,Yellow,405941,13.0
733,Chevrolet,Malibu,2004,WBAUP7C57DV409311,Crimson,173721,5.5
734,Chevrolet,2500,1994,KNAFX6A80E5116769,Orange,298681,11.8
735,Subaru,SVX,1994,JH4CW2H62DC016896,Blue,226053,12.3
736,Chevrolet,Corvette,1988,W04GS5ECXB1400535,Crimson,116141,12.6
737,Ford,Tempo,1987,3G5DA03EX4S657030,Mauv,366762,10.8
738,Mazda,Tribute,2001,4A31K2DF2BE458344,Red,171872,10.2
739,Mitsubishi,Truck,1986,WAULT68E25A986539,Crimson,219485,9.5
740,Lotus,Exige,2004,WBABS334X3P065188,Green,378499,7.0
741,Oldsmobile,Alero,2003,3D73Y3CL0BG549358,Pink,326918,
742,Nissan,JUKE,2012,3D73Y4CL8BG253882,Teal,133483,5.0
743,Nissan,Maxima,2002,1G6AY5SX8F0856954,Maroon,294710,12.9
744,Subaru,Baja,2003,JTDJTUD30DD999242,Puce,403501,4.3
745,Nissan,Altima,2013,5J8TB18598A288377,Green,384697,8.6
746,Nissan,Titan,2007,JH4KA96593C712408,Turquoise,482513,7.0
747,Acura,Legend,1994,JN8AZ1FY6CW914367,Goldenrod,205144,12.7
748,GMC,Savana,2012,1G6AA5RX3F0977434,Yellow,103370,12.5
749,Jaguar,XJ Series,2003,1G4CU541244864818,Crimson,426108,14.4
750,Saturn,Aura,2009,JTHBB1BA1B2753279,Pink,273174,12.5
751,Chevrolet,Camaro,2012,3D7JB1EP4BG296218,Turquoise,260066,
752,Chevrolet,Silverado 1500,2008,1G6DM5ED2B0282145,Turquoise,280435,4.7
753,Buick,Skylark,1998,1GYFC162X9R418455,Aquamarine,483811,11.7
754,Dodge,Ram 1500,2000,SAJWA4DC7AM448167,Red,190890,
755,Lincoln,MKT,2013,3D7JB1EK4BG109449,Purple,319844,10.8
756,Suzuki,Sidekick,1989,1GYFC26259R331245,Red,334302,
757,Nissan,350Z,2007,1FMJU1F5XAE842147,Pink,334281,
758,Toyota,Sienna,1999,3GYFNBEY8BS021870,Purple,447838,13.8
759,Ford,Taurus,2003,JH4DC54886S996617,Indigo,375983,13.6
760,Lamborghini,Diablo,1996,1G6YX36D165373377,Yellow,229863,6.9
761,Mitsubishi,Chariot,1986,WAUVVAFR8BA231578,Blue,416243,6.7
762,Toyota,Solara,2007,SALVP1BG9EH879968,Orange,298621,8.8
763,Audi,A4,2002,WAUAGAFD9EN906137,Goldenrod,192570,13.6
764,Mercedes-Benz,S-Class,2001,1G6DD8E31E0991016,Yellow,472785,
765,Dodge,Grand Caravan,1998,1G6DC5EG0A0281622,Khaki,283429,6.8
766,Chevrolet,Tracker,2000,WBAHN03587D434954,Mauv,360938,12.6
767,Alfa Romeo,Spider,1992,5GADT13SX42960093,Blue,244004,
768,BMW,7 Series,2011,WAUHGAFC4EN582648,Mauv,236130,4.4
769,Hyundai,Sonata,2000,1FTEX1CW9AK902219,Pink,107653,8.4
770,Volvo,C30,2009,1G6KE54Y71U119121,Yellow,211147,
771,GMC,Envoy,2005,WDDNG7DB4CA310761,Yellow,212083,14.0
772,Mercury,Sable,1986,JA32U2FU5EU407412,Orange,366323,
773,Mercedes-Benz,SLK-Class,2002,WBAPK5G52BN098054,Indigo,319032,10.9
774,Plymouth,Voyager,1997,WA1EY74L47D746816,Turquoise,129633,
775,Dodge,Dakota,2011,3VWC17AU5FM537017,Maroon,225030,
776,Buick,Riviera,1999,3VWKP7AJ0DM393986,Red,169807,4.1
777,Suzuki,Daewoo Lacetti,2006,WDBWK5EA2BF751506,Indigo,324722,
778,GMC,Sierra 3500,2001,JHMZE2H54ES910376,Orange,417475,4.8
779,Kia,Forte,2010,3C4PDCBB3ET214218,Fuscia,374498,8.7
780,Lincoln,MKT,2012,WAUHF78P78A802205,Red,144786,
781,Volkswagen,Cabriolet,1985,5TDDK3DC7CS125239,Mauv,425460,8.8
782,Ford,F-350 Super Duty,2006,5N1AA0NC5CN728310,Aquamarine,116521,5.9
783,Volkswagen,Rabbit,2009,2B3CK3CV7AH577333,Yellow,146948,7.9
784,Mazda,MX-6,1995,SCBBR9ZA7CC521883,Aquamarine,330540,11.6
785,BMW,600,1958,WBAEV33413K404468,Khaki,179526,7.7
786,Mercedes-Benz,SL-Class,2011,SALVP2BG7EH082012,Green,117979,9.6
787,Ford,Probe,1991,WBSWL9C56AP022647,Maroon,347488,4.1
788,Lexus,IS,2010,1G6AU5S84F0324444,Goldenrod,200720,
789,Dodge,Ram 2500,2000,1G4HR54K05U365209,Blue,257092,5.1
790,Ford,F-Series,2003,2G61V5S39D9940628,Red,252267,10.8
791,BMW,5 Series,1998,WBSBR93456P516624,Purple,186340,7.8
792,GMC,Savana,2010,WBAYP9C5XDD185227,Violet,433908,9.0
793,Audi,Coupe GT,1985,1FTMF1EW6AF429447,Indigo,466789,
794,Pontiac,Grand Prix,1972,2G4GS5EVXC9446785,Maroon,140797,9.8
795,Jaguar,X-Type,2006,5GAKVCED7BJ896786,Violet,389917,
796,Ford,F-Series,2009,1ZVBP8AM3D5366612,Fuscia,204959,14.0
797,Ford,Escape,2000,1G4CU541454104973,Purple,251103,4.6
798,Ford,Ranger,2008,1FTEX1CM5DK892582,Goldenrod,276095,10.7
799,Pontiac,G6,2005,SCFFBCBD9BG034049,Blue,423664,4.6
800,BMW,Z4,2006,5TDDK3DC7FS349454,Teal,472839,9.9
801,Land Rover,Discovery Series II,2000,1FTSF3B54AE109032,Goldenrod,202589,
802,Mercury,Grand Marquis,1991,1GYEC63T24R296852,Aquamarine,307404,7.8
803,Ford,Mustang,1993,1G4HJ5EMXAU399529,Yellow,223642,
804,GMC,Savana 1500,2011,1FTEW1C89FK090593,Crimson,385673,
805,Toyota,MR2,2003,JM3TB2CA9E0675920,Purple,440356,13.9
806,Ford,E350,2011,1G6DU6EDXB0812478,Aquamarine,331627,6.9
807,Mazda,Mazda3,2005,1N6BF0KM2FN756123,Blue,202686,14.4
808,Toyota,Highlander,2007,3VW467AT4DM084146,Maroon,459491,14.9
809,Infiniti,G,2008,WAUSF98E87A025855,Violet,317652,
810,Toyota,4Runner,1992,1FTMF1E84AK562670,Orange,406161,
811,Oldsmobile,Cutlass Cruiser,1994,JTHBK1GG7F2546365,Red,316957,11.5
812,Mercedes-Benz,SLK55 AMG,2009,1GKS1FEJ0CR791127,Khaki,185423,4.0
813,Buick,Century,1997,3VWJP7AT1CM951789,Indigo,483220,
814,Chevrolet,Tahoe,1999,WBAET37444N906827,Violet,460629,5.7
815,Saab,9000,1996,1G6KF57963U756277,Violet,439236,6.8
816,Pontiac,G5,2009,WBA3B3C54FJ262698,Orange,424397,11.4
817,Plymouth,Voyager,1995,WA1YD64B15N945341,Fuscia,377430,12.3
818,Mercedes-Benz,E-Class,1992,WAUPL68E14A464601,Maroon,241012,10.3
819,Suzuki,Grand Vitara,2006,1FTMF1EW0AK184880,Yellow,347491,12.0
820,Lexus,SC,1993,WDDHF2EB1BA674801,Green,262870,
821,Isuzu,i-350,2006,2C3CCAAG2FH119991,Mauv,261383,7.5
822,Chevrolet,Tracker,1999,WAUAFAFL0AN230746,Orange,231560,
823,Volkswagen,Jetta III,1995,WBAPK5C56BF957758,Turquoise,470852,13.4
824,Mazda,Mazda3,2010,5J8TB4H32FL834082,Blue,417647,5.8
825,Pontiac,Trans Sport,1997,JTHBW1GGXF2403513,Orange,489979,12.9
826,Ford,F250,1992,WBA3R1C50FK753148,Green,252022,10.8
827,Mercury,Grand Marquis,2001,5J8TB4H3XGL971885,Mauv,186199,7.2
828,Kia,Sportage,1997,JH4CU2E6XAC024427,Orange,267004,
829,Lexus,IS,2012,WVGEP9BP1FD632972,Puce,116608,14.8
830,Toyota,Sequoia,2003,2LMDJ6JK7FB272019,Violet,468159,12.5
831,Chrysler,300M,2003,WAUJT54B94N825318,Fuscia,310981,6.6
832,Audi,S4,2006,YV126MFC9F1218094,Violet,250290,4.4
833,Saab,9000,1994,1G6DA8EY8B0935624,Violet,143388,12.5
834,Dodge,Avenger,2008,5GAKVAED4BJ107224,Yellow,101240,4.6
835,Buick,Park Avenue,1997,JN1CV6EK5CM143313,Turquoise,485135,
836,Mercury,Grand Marquis,1995,19UUA56862A441364,Teal,416909,4.9
837,Chevrolet,Silverado,2008,3GYFNAE37ES727621,Turquoise,439002,5.5
838,Infiniti,G37,2009,JH4CW2H51BC441238,Orange,231972,9.7
839,Dodge,Nitro,2009,1FTSW2A50AE185732,Pink,293688,10.5
840,Pontiac,Bonneville,1999,5FPYK1F28BB948296,Puce,166177,12.7
841,Mitsubishi,Expo,1995,3C4PDDEG8ET084479,Maroon,218780,6.5
842,Dodge,Sprinter,2006,KM8NU4CC9CU476814,Puce,342794,10.7
843,Subaru,Impreza,2000,2C3CCASTXCH338155,Teal,292887,7.0
844,Toyota,Camry,2001,SALSF2D45DA041216,Red,429619,12.0
845,Jeep,Wrangler,1997,1B3BD2FBXBN744049,Purple,179120,13.5
846,Chevrolet,Express,2006,1GTCSBD91A8629801,Aquamarine,181839,13.3
847,GMC,Savana 2500,2000,WBAYE8C55DD849983,Orange,139293,
848,Suzuki,SJ,1994,WP0AA2A98AS846084,Red,323163,13.3
849,BMW,M,2002,3C4PDCAB6FT161372,Puce,325634,9.5
850,GMC,2500,1995,WAUDF58EX5A176694,Fuscia,375320,5.1
851,Mazda,RX-7,1987,2C3CCABG1DH873086,Puce,293884,11.4
852,Kia,Spectra,2004,5UMDU934X7L763141,Yellow,468417,
853,Chevrolet,SSR,2006,5TDBKRFH7ES170283,Teal,200428,7.1
854,Infiniti,FX,2012,SAJWA0FA7AH877824,Red,487590,10.8
855,Mercury,Grand Marquis,1988,5UXFG8C58AL629404,Teal,282011,
856,Mercedes-Benz,CLK-Class,2001,WBA1J7C50EV925886,Indigo,419503,6.6
857,Mercury,Milan,2007,WA1TFAFL7EA064616,Red,364592,7.2
858,Porsche,911,1997,1FTWX3D52AE142476,Yellow,304851,6.6
859,GMC,Suburban 1500,1997,5XYKT3A62EG627143,Fuscia,188380,
860,Subaru,Baja,2004,JM1NC2LF9D0604208,Violet,358819,14.2
861,Honda,Odyssey,2006,1C6RD7NT8CS682701,Teal,367056,14.4
862,Audi,S8,2009,WDDPK4HA3EF077422,Yellow,206270,5.7
863,Dodge,Ram 2500,2010,WA1YL54B55N410980,Indigo,320189,8.5
864,Honda,Accord,2011,WBALW7C50CD563393,Maroon,469265,8.6
865,BMW,7 Series,2002,KMHGN4JE9FU324420,Violet,272902,4.6
866,Honda,Insight,2003,WVGFG9BP7BD471946,Pink,315617,10.8
867,Dodge,D150 Club,1993,JH4CL95924C762961,Violet,150568,12.5
868,Mercedes-Benz,S-Class,2008,JN1AJ0HP4AM266704,Turquoise,307000,5.8
869,Land Rover,Freelander,2001,SCFFDAAE2BG355388,Violet,392273,14.2
870,BMW,7 Series,2008,WAUMFAFL3DA676222,Mauv,353321,
871,Mazda,Protege,1994,WA1VMAFE1BD519602,Puce,207689,
872,Chevrolet,Silverado 2500,2003,JN8CS1MU8DM549412,Goldenrod,296621,10.3
873,BMW,M6,2010,JN1CV6EKXCM772324,Yellow,179547,
874,Mazda,RX-7,1989,WBA5B1C52ED308121,Aquamarine,312482,
875,Honda,Civic,1999,3VW517AT0FM202814,Khaki,417377,5.3
876,Isuzu,Amigo,1993,1G4HP54K13U012707,Orange,312602,10.9
877,Volvo,960,1994,1GYUCGEF4AR852860,Khaki,412562,
878,Nissan,GT-R,2012,2T3BFREV9FW642964,Pink,364647,8.3
879,Jaguar,XJ Series,1994,SCFEDEAN0CG931032,Turquoise,453656,
880,Chevrolet,Suburban 1500,1993,1G6DA5EY1B0815615,Maroon,477451,11.7
881,Mercedes-Benz,SLR McLaren,2007,KNAFT4A2XD5593350,Fuscia,185670,13.1
882,Mercedes-Benz,CL-Class,2012,4T1BD1EB5DU286502,Orange,112250,9.4
883,Maserati,GranSport,2006,JTJBJRBZ9F2142895,Pink,148555,
884,Dodge,Dakota Club,2004,KNAFU6A22C5681414,Goldenrod,425037,
885,Infiniti,J,1993,5TFAW5F12EX690767,Blue,106344,7.5
886,BMW,525,2005,WA1LGBFE4FD646676,Yellow,369520,8.6
887,Mercury,Capri,1985,2C4RDGDG6FR828628,Violet,412643,10.2
888,Volvo,S80,2008,5UXFA53593L226938,Mauv,312848,10.4
889,Mercedes-Benz,E-Class,2007,WAUJC58E85A609666,Maroon,236629,5.5
890,Land Rover,Defender,1994,1GKKRNED2EJ560065,Khaki,475987,
891,Nissan,350Z,2008,WBA3C1C56CF436609,Aquamarine,416505,13.3
892,Volkswagen,Scirocco,1987,WBAWV13587P485074,Goldenrod,403044,6.3
893,Bentley,Continental GT,2006,19UUA56952A504561,Fuscia,268729,14.7
894,Oldsmobile,98,1992,WA1VKAFP1AA713814,Orange,352718,5.9
895,GMC,Savana 1500,2000,JN8AZ2KR1CT569352,Blue,270814,
896,Ford,Club Wagon,1995,5J8TB3H56FL926212,Yellow,382231,13.3
897,Hyundai,Entourage,2008,WBAFV3C55ED307102,Aquamarine,323403,13.1
898,Chevrolet,2500,1997,1N4AL3APXDC291383,Pink,370453,10.6
899,Dodge,Caravan,2001,1HGCR2E31DA067676,Orange,169136,9.7
900,Pontiac,Montana,2003,4T1BK3DB2CU144366,Khaki,109658,
901,Plymouth,Grand Voyager,1997,3GYEK62N35G174427,Aquamarine,439593,
902,Nissan,350Z,2006,WA1CMBFP5EA996439,Khaki,480615,4.8
903,Dodge,Dakota Club,2006,1N6AF0KY0FN265063,Teal,430535,9.2
904,Ford,F150,2006,WBAEU33442P986294,Pink,316927,10.6
905,Ford,Tempo,1991,19UUA9F59EA148771,Green,306865,
906,Land Rover,Discovery,1995,5UXFG8C5XCL415159,Aquamarine,125119,12.9
907,Volkswagen,Eurovan,2002,1NXBU4EE9AZ321937,Crimson,124046,9.4
908,Eagle,Vision,1996,JHMFB4F23CS851091,Indigo,456745,10.4
909,Bentley,Continental,2009,WBAYP1C52FD986688,Purple,385625,
910,Buick,LeSabre,1987,2HNYB1H64DH438138,Orange,497211,
911,Volkswagen,Passat,2004,2B3CJ5DT4BH347424,Maroon,178068,4.5
912,Oldsmobile,Alero,2003,WAUXD68D71A607292,Mauv,105070,13.9
913,BMW,3 Series,1993,1G6DA5EG4A0328849,Red,423931,9.3
914,GMC,Sonoma,2004,WVGAV7AX5BW389563,Fuscia,147068,12.6
915,Jaguar,XJ Series,2002,5NPDH4AE5DH362104,Orange,396314,8.6
916,Ford,Mustang,1999,5GAKRBED7CJ429111,Mauv,347190,
917,Porsche,944,1987,5TDDK3DC7DS099971,Fuscia,287728,
918,Volvo,240,1993,1G6AU5S83E0889136,Green,400611,
919,Chevrolet,G-Series 1500,1997,1GYS3BEF9CR889416,Mauv,329764,14.9
920,Volkswagen,Golf,1986,1FT7W2A65EE145408,Yellow,467995,10.6
921,Chrysler,PT Cruiser,2009,WAUDH94F76N951608,Orange,205027,13.3
922,Mazda,Miata MX-5,2004,1N6AA0CA1AN291969,Orange,325221,5.6
923,Mitsubishi,Galant,1997,3D7JV1EP7AG453150,Khaki,100722,
924,Plymouth,Breeze,1999,W04GS5EC0B1325876,Maroon,374234,
925,Toyota,Camry,2007,5J8TB4H51GL419063,Turquoise,428941,14.0
926,Cadillac,Catera,1998,1GYS4DEF5CR200111,Puce,294292,
927,Chevrolet,Suburban 1500,2000,WAUHGBFC7EN622579,Red,265216,7.9
928,Mazda,323,1992,1GKS1AE09ER777028,Yellow,333705,
929,Jeep,Grand Cherokee,2005,WA1LFBFP2CA557142,Red,404250,12.6
930,Mazda,MPV,1990,4T1BD1FK5EU636176,Red,444075,11.9
931,Mitsubishi,Challenger,2004,2G4GW5EVXB9758219,Aquamarine,264828,9.3
932,Hummer,H3,2009,JN8AZ2KR8BT528683,Violet,100620,13.1
933,Audi,S5,2012,3VW4A7AT2DM114968,Turquoise,127565,11.4
934,Kia,Sephia,1994,3D73M4EL2BG405714,Khaki,109257,
935,Dodge,Magnum,2007,YV4952CF0C1945871,Turquoise,220747,13.2
936,Land Rover,LR2,2012,WBAXG5C54CD930606,Goldenrod,245919,12.0
937,Pontiac,Tempest,1966,5UXXW5C56F0551204,Fuscia,225248,5.5
938,Spyker,C8 Spyder Wide Body,2004,1G4GH5E3XCF527354,Turquoise,320702,14.9
939,Hyundai,Accent,1996,3VW4A7AT7DM993237,Turquoise,481178,7.5
940,Jaguar,XK Series,1999,2B3CK8CT8AH831501,Crimson,351647,7.9
941,GMC,Sierra Denali,2006,3N1AB7AP3FY676155,Indigo,310213,4.1
942,Lincoln,Town Car,1994,1GYUKAEF9AR591760,Teal,291887,9.1
943,Mitsubishi,Pajero,1993,2FMGK5BC7AB633424,Khaki,139380,8.4
944,Mercedes-Benz,300CE,1992,3D7TT2HT7AG356365,Teal,380014,11.6
945,Mercedes-Benz,SLK-Class,2004,YV1672MW0B2933754,Fuscia,235413,12.4
946,Toyota,Avalon,1997,1FMJK1FT6FE175816,Maroon,243685,5.5
947,Subaru,Impreza,2001,5N1AA0ND8EN062443,Orange,412920,
948,Ford,Flex,2010,2HNYD2H26DH898849,Teal,288627,9.6
949,Audi,A6,1999,WBA5B3C53ED853188,Maroon,261249,5.2
950,Mazda,B-Series,1994,3VW8S7AT1FM670447,Purple,465810,9.2
951,Subaru,Forester,2006,WAUWFBFL3BA175035,Fuscia,247309,11.6
952,Toyota,Avalon,2009,3LN6L2G98FR481203,Yellow,150724,14.7
953,Mercury,Villager,2000,2T1BURHE5EC535842,Puce,121697,4.9
954,Toyota,4Runner,1998,WDDLJ9BB4FA815386,Yellow,223414,5.1
955,Plymouth,Grand Voyager,1994,1N6AD0CUXFN158846,Purple,230963,6.9
956,Saturn,VUE,2007,5YMGZ0C57D0339377,Violet,218997,13.5
957,Pontiac,Sunfire,1998,5YMGZ0C50BL135984,Mauv,144779,12.7
958,Mazda,Miata MX-5,1992,WA1VMBFE3AD142761,Aquamarine,424641,12.0
959,Infiniti,QX56,2011,WP0CA2A84ES430457,Puce,405879,9.1
960,Cadillac,Catera,1997,WBAYE4C5XDD312812,Teal,230963,13.2
961,Volkswagen,Golf,1999,2T1BURHE1FC490027,Fuscia,116070,12.7
962,Buick,Riviera,1988,SALVN2BG4EH137148,Crimson,210006,6.8
963,Porsche,Panamera,2012,WA1WGAFP6DA576122,Mauv,232267,
964,Kia,Mentor,1997,SCFAD22333K412354,Maroon,268875,14.9
965,Buick,Regal,1988,JN1BJ0HP9EM267406,Teal,171232,
966,BMW,5 Series,1994,WAUMFAFLXCN400532,Maroon,124858,5.8
967,Suzuki,Swift,2006,KMHEC4A48EA326101,Purple,141392,
968,Ferrari,599 GTB Fiorano,2009,1G6DU57V190903164,Violet,463540,14.3
969,Lexus,SC,1998,1C3CCBAB8CN754355,Aquamarine,115842,7.4
970,Buick,LeSabre,1997,3N1AB6AP9CL737074,Violet,290332,4.1
971,Honda,Civic,2000,JN8AZ2KR0ET780741,Khaki,470732,11.5
972,Mercedes-Benz,CLK-Class,2000,1LNHL9DK6EG081445,Maroon,313158,
973,Mercury,Tracer,1989,KNAFT4A21A5633293,Teal,350441,12.7
974,Mercury,Montego,2006,JTDJTUD31ED099239,Goldenrod,483558,8.6
975,Maserati,Quattroporte,2008,4F2CY0C78BK418490,Khaki,363213,
976,Mercury,Mountaineer,2000,5N1AR1NB8CC616716,Aquamarine,256732,9.7
977,Mazda,RX-8,2007,WBSKG9C50DE565589,Fuscia,359447,4.8
978,Dodge,Viper,1993,2T1BURHE4EC593019,Aquamarine,153698,8.6
979,Honda,Civic,2007,WAUDFBFC6CN344479,Mauv,366567,12.7
980,Chevrolet,Citation,1980,KMHGH4JH4EU886502,Teal,363207,11.5
981,Toyota,Highlander,2010,1GYUCKEF6AR294531,Puce,280356,14.4
982,Bentley,Continental GTC,2010,WAUUL78E75A444802,Khaki,387345,11.0
983,Chevrolet,Suburban 2500,2003,5BZBF0AAXEN102284,Maroon,165600,12.1
984,Pontiac,Firefly,1992,1GYUKAEF8AR186263,Maroon,242550,
985,Dodge,Neon,1997,19UUA9F55CA322218,Puce,215825,5.3
986,Mercedes-Benz,W201,1989,1G6KD57Y07U340258,Teal,176267,10.5
987,Volkswagen,Golf,2000,JN8AZ2KR2BT152725,Aquamarine,417382,12.9
988,GMC,Safari,1996,JA32U1FU8AU420952,Fuscia,489153,4.9
989,Volvo,C70,1999,3VW4A7AT0DM060666,Violet,304761,10.1
990,Maserati,GranTurismo,2009,WAUVT54B82N938188,Turquoise,468706,
991,Subaru,Baja,2004,WBA3B5C5XEP872144,Blue,214109,14.0
992,Audi,S4,2001,3C3CFFCR8DT708793,Red,447529,6.6
993,Chrysler,LHS,1999,4T1BF1FK0FU527684,Khaki,466768,10.5
994,Toyota,Sienna,2000,KNDPB3AC4E7854278,Violet,462251,14.2
995,Infiniti,Q,2003,WAUML44E94N766434,Goldenrod,420983,13.0
996,Mercury,Mountaineer,1997,WAUNF98P86A313730,Goldenrod,376524,13.3
997,Dodge,Dakota Club,2003,3C63DPJL4CG965261,Blue,154033,6.2
998,Ford,E250,1984,2T1BURHE7FC996980,Teal,352264,14.8
999,Nissan,Frontier,2012,SCFEBBBK5BG788537,Red,474843,11.3
1000,Toyota,RAV4,1997,5UXXW5C55F0887572,Orange,232948,14.0
